"inventory_type_id","inventory_type_description","min_order_qty","price_per_unit","inventory_sub_type","discount","min_variance","max_variance","auto_renewal_flag","erp_inventory_id","pickup_location_id","umo_value","category","face_value","min_variance_disc","max_variance_disc","tax_plan","dealer_discount","return_policy","due_date","ziada_points","esd_signature","batch_size","prefix","serial_counter","pallet_size","available","w_period","prod_family","price_group","work_category","equip_type","used_stock","sim_card","item_type","vendor_id","type_id","damage_code","service_code","v_item_type","used_item_code","w_avg_ucost","calc_wac","quantity","add_date","prevwavg_ucost","mod_date","v_item_code","v_item_no","available_date","expiry_date","consigment_po","status","DEPOSIT_PRICE","ADD_BY","MOD_BY","national_material_code","wg_material_code","SUB_CATEGORY","weight","return_flag","color","size","is_bundle","parent_id","send_to_bi","remarks"
1.0,Upfront Payment,1.0,10.0,P,0.0,,,N,UPFRONTPAYMENT,,,payment,,,,,,,,,,1.0,,,,,,,,,,,,,,,,,,,,,1.0,,,,,,2022-01-01 00:00:00.000,2099-12-31 00:00:00.000,,1,,,,,,Non Voucher Product,1,,,,,,,
2.0,Deposit Amount,1.0,10.0,P,0.0,,,N,DEPOSIT,,,deposit,,,,,,,,,,1.0,,,,,,,,,,,,,,,,,,,,,1.0,,,,,,2022-01-01 00:00:00.000,2099-12-31 00:00:00.000,,1,,,,,,Non Voucher Product,1,,,,,,,
3.0,Ethiopia 128k Pre-paid SIM Starter Pack – EBU DSA,,0.0,P,0.0,,,Y,ETA00004,,,sim,,,,1.0,,,,,,,,,,,,,,,,,,,,,,,,,,,1.0,2025-01-29 15:59:07.000,,2023-05-16 11:43:48.000,,,2025-01-29 15:59:07.000,2099-12-31 12:00:00.000,,1,0,erp,,,,Non Voucher Product,1,Y,,,"",,,
4.0,BAMBA 10 Batch 1000,1.0,10.0,P,0.0,,,Y,S0200011,,,physical voucher,,,,,,,,,,1.0,,,,,,,,,,,,,,,,,,,,,1.0,,,,,,2022-01-01 00:00:00.000,2099-12-31 00:00:00.000,,1,,,,,,Voucher Product,1,,,,,,,
5.0,Voucher card 15 ETB,1.0,10.0,P,0.0,,,Y,VC15,,,physical voucher,,,,,,,,,,1.0,,,,,,,,,,,,,,,,,,,,,1.0,,,,,,2022-01-01 00:00:00.000,2099-12-31 00:00:00.000,,1,,,,,,Voucher Product,1,,,,,,,
6.0,BAMBA Voucher 20,1.0,10.0,P,0.0,,,Y,S0200222,,,physical voucher,,,,,,,,,,1.0,,,,,,,,,,,,,,,,,,,,,1.0,,,,,,2022-01-01 00:00:00.000,2099-12-31 00:00:00.000,,1,,,,,,Voucher Product,1,,,,,,,
9.0,Voucher card 100 ETB,1.0,10.0,P,0.0,,,Y,VC100,,,physical voucher,,,,,,,,,,1.0,,,,,,,,,,,,,,,,,,,,,1.0,,,,,,2022-01-01 00:00:00.000,2099-12-31 00:00:00.000,,1,,,,,,Voucher Product,1,,,,,,,
10.0,Voucher card200 ETB,1.0,20.0,P,0.0,,,Y,VC200,,,physical voucher,,,,171.0,,,,,,1.0,,,,,,,,,,,,,,,,,,,,,1.0,,,2022-06-23 09:41:38.000,,,2021-12-31 02:00:00.000,2099-12-30 02:00:00.000,,,,,,,,Voucher Product,1,,"","","",,,
12.0,Voucher card 500 ETB,1.0,10.0,P,0.0,,,Y,VC500,,,physical voucher,,,,34.0,,,,,,1.0,,,,,,,,,,,,,,,,,,,,,1.0,,,2022-05-20 07:24:57.000,,,2021-12-31 23:00:00.000,2099-12-30 23:00:00.000,,,,,,,,Voucher Product,1,,"","","",,,
13.0,Voucher card 1000 ETB,1.0,10.0,P,0.0,,,Y,VC1000,,,physical voucher,,,,105.0,,,,,,1.0,,,,,,,,,,,,,,,,,,,,,1.0,,,2022-06-06 07:34:09.000,,,2021-12-31 23:00:00.000,2099-12-30 23:00:00.000,,,,,,,,Voucher Product,1,,"","","",,,
14.0,EVD 5 ETB,1.0,10.0,L,0.0,,,Y,EVD06999,,,evd voucher,,,,,,,,,,1.0,,,,,,,,,,,,,,,,,,,,,1.0,,,,,,2022-01-01 00:00:00.000,2099-12-31 00:00:00.000,,1,,,,,,Voucher Product,1,,,,,,,
15.0,EVD 10 ETB,1.0,10.0,L,0.0,,,Y,EVD10,,,evd voucher,,,,,,,,,,2000.0,,,,,,,,,,,,,,,,,,,,,1.0,,,,,,2022-01-01 00:00:00.000,2099-12-31 00:00:00.000,,1,,,,,,Voucher Product,1,,,,,,,
20.0,EVD 100 ETB,1.0,10.0,L,0.0,,,Y,EVD100,,,evd voucher,,,,,,,,,,200.0,,,,,,,,,,,,,,,,,,,,,1.0,,,,,,2022-01-01 00:00:00.000,2099-12-31 00:00:00.000,,1,,,,,,Voucher Product,1,,,,,,,
23.0,EVD 500 ETB,1.0,10.0,L,0.0,,,Y,EVD500,,,evd voucher,,,,,,,,,,100.0,,,,,,,,,,,,,,,,,,,,,1.0,,,,,,2022-01-01 00:00:00.000,2099-12-31 00:00:00.000,,1,,,,,,Voucher Product,1,,,,,,,
25.0,Samsung Galaxy 4-White,1.0,1500.0,P,0.0,,,Y,DEV00421,,,device,,,,106.0,,,,,,1.0,,,,,,,,,,,,,,,,,,,,,1.0,,,2022-06-08 12:46:23.000,,,2021-12-30 23:00:00.000,2099-12-29 23:00:00.000,,,,,,,,Non Voucher Product,1,Y,"","","",31,,
26.0,Micro Sim Cards + Adapter,1.0,20000.0,P,5.0,,,Y,SIM00421,,,sim,,,,103.0,,,,,,1.0,,,,,,,,,,,,,,,,,,,,,1.0,,,2022-06-06 07:35:04.000,,,2021-12-31 23:00:00.000,2099-12-30 23:00:00.000,,,,,,,,Non Voucher Product,1,Y,"","9","",,,
27.0,Airtime Etopup,1.0,10.0,L,2.11,,,N,V1006999,,,etopup,,,,21.0,,,,,,1.0,,,,,,,,,,,,,,,,,,,,,1.0,,,2022-03-29 04:57:10.000,,,2021-12-31 18:30:00.000,2099-12-30 18:30:00.000,,1,,,,,,Non Voucher Product,1,,,,,,,
28.0,Branded Pens,1.0,10.0,P,0.0,,,N,ACC05816,,,accessories,,,,,,,,,,1.0,,,,,,,,,,,,,,,,,,,,,1.0,,,,,,2021-12-31 23:00:00.000,2099-12-30 23:00:00.000,,1,,,,,,Non Voucher Product,1,N,,,,,,
29.0,Micr Sim 5G LD,1.0,10.0,P,5.0,,,Y,SIM00521,,,sim,,,,101.0,,,,,,1.0,,,,,,,,,,,,,,,,,,,,,1.0,,,2022-06-13 07:35:04.000,,,2021-12-31 23:00:00.000,2099-12-30 23:00:00.000,,,,,,,,Non Voucher Product,1,Y,"",,"",,,
30.0,Voucher card 10 ETB,1.0,10.0,P,0.0,,,Y,VC10,,,physical voucher,,,,,,,,,,1.0,,,,,,,,,,,,,,,,,,,,,1.0,,,,,,2022-01-01 00:00:00.000,2099-12-31 00:00:00.000,,1,,,,,,Voucher Product,1,,,,,,,
31.0,Galaxy A23 LTE Dual Sim 4+64GB White,1.0,10.0,P,0.0,,,Y,ETD20038,,,device,,,,,,,,,,1.0,,,,,,,,,,,,,,,,,,,,,1.0,2022-07-21 15:53:55.000,,,,,2022-07-21 15:53:55.000,2100-01-31 12:00:00.000,,1,0,erp,,,,Non Voucher Product,1,Y,,,,,,
32.0,Ethiopia Pinless Top-Up,1.0,0.0,L,0.0,,,N,EVP00001,,,etopup,,,,,,,,,,,,,,,,,,,,,,,,,,,,,,,1.0,2025-11-04 17:48:44.000,,,,,2025-11-04 17:48:44.000,2099-12-31 12:00:00.000,,1,0,erp,,,,Non Voucher Product,1,Y,,,,,,
33.0,Ethiopia Sim card 128kb,1.0,0.0,P,0.0,,,Y,ETA00000,,,sim,,,,189.0,,,,,,,,,,,,,,,,,,,,,,,,,,,1.0,2025-01-29 15:33:07.000,,2022-07-05 15:04:21.000,,,2025-01-29 15:33:07.000,2099-12-31 12:00:00.000,,1,0,erp,,,,Non Voucher Product,1,Y,,,"",,,
34.0,Galaxy A23 LTE DS 4+128GB,1.0,10.0,P,0.0,,,Y,ETD20009,,,device,,,,,,,,,,1.0,,,,,,,,,,,,,,,,,,,,,1.0,,,,,,2021-12-31 23:00:00.000,2099-12-30 23:00:00.000,,1,,,,,,Non Voucher Product,1,Y,,,,,,
35.0,Safaricom ET  Awaze 2G Feature - Teleone,1.0,10.0,P,0.0,,,Y,ETD20004,,,device,,,,,,,,,,1.0,,,,,,,,,,,,,,,,,,,,,1.0,,,,,,2021-12-31 23:00:00.000,2099-12-30 23:00:00.000,,1,,,,,,Non Voucher Product,1,Y,,,,,,
36.0,Ethiopia Electronic Voucher 200,1.0,10.0,L,0.0,,,Y,EVD00200,,,evd voucher,,,,,,,,,,200.0,,,,,,,,,,,,,,,,,,,,,1.0,,,,,,2021-12-31 23:00:00.000,2099-12-30 23:00:00.000,,1,,,,,,Voucher Product,1,Y,,,,,,
37.0,Ethiopia Recharge Voucher 25,1.0,10.0,P,0.0,,,Y,EVC00025,,,physical voucher,,,,,,,,,,1.0,,,,,,,,,,,,,,,,,,,,,1.0,,,,,,2021-12-31 23:00:00.000,2099-12-30 23:00:00.000,,1,,,,,,Voucher Product,1,Y,,,,,,
46.0,Accesories,1.0,2000.0,P,0.0,0.0,0.0,N,U908E290,,,accessories,,,,,,,,,,1.0,,,,,,,,,,,,,,,,,,,,,1.0,2022-05-06 08:41:32.000,,2022-06-03 09:24:58.000,,,2022-05-05 23:00:00.000,2099-12-30 23:00:00.000,,,,aadmin,,,,Non Voucher Product,1,Y,"","","",,,
124.0,asmhdAD,1.0,50.0,L,0.0,0.0,0.0,N,KASJFLKHDF,,,etopup,,,,65.0,,,,,,1.0,,,,,,,,,,,,,,,,,,,,,,2022-06-20 05:48:33.000,,,,,2022-06-19 23:00:00.000,2099-12-30 23:00:00.000,,,,aadmin,,,,Non Voucher Product,1000,N,black,"",,,,
125.0,adfgd,1.0,230.0,P,0.0,0.0,0.0,Y,FSDF,,,device,,,,66.0,,,,,,1.0,,,,,,,,,,,,,,,,,,,,,,2022-06-20 06:12:00.000,,,,,2022-06-19 23:00:00.000,2099-12-30 23:00:00.000,,,,aadmin,,,,Non Voucher Product,560,Y,bnb,"",,,,
126.0,evd voucher,1.0,50.0,L,0.0,0.0,0.0,N,"8909",,,evd voucher,,,,101.0,,,,,,1.0,,,,,,,,,,,,,,,,,,,,,,2022-06-20 07:59:12.000,,,,,2022-06-19 23:00:00.000,2099-12-30 23:00:00.000,,,,aadmin,,,,Voucher Product,1,Y,"","",,,,
127.0,Neon Phone,1.0,20000.0,P,0.0,0.0,0.0,Y,NMKJH8U9,,,device,,,,14.0,,,,,,1.0,,,,,,,,,,,,,,,,,,,,,,2022-06-20 08:01:20.000,,,,,2022-06-19 23:00:00.000,2099-12-30 23:00:00.000,,,,aadmin,,,,Non Voucher Product,1,Y,"","",,,,
128.0,Earpods,1.0,2000.0,P,0.0,0.0,0.0,N,"978",,,device,,,,14.0,,,,,,1.0,,,,,,,,,,,,,,,,,,,,,,2022-06-20 08:05:09.000,,,,,2022-06-19 23:00:00.000,2099-12-30 23:00:00.000,,,,aadmin,,,,Non Voucher Product,1,Y,"","",,,,
130.0,Bamba 5000,1.0,5000.0,P,0.0,0.0,0.0,Y,"123000",,,physical voucher,,,,110.0,,,,,,1.0,,,,,,,,,,,,,,,,,,,,,,2022-06-28 16:09:11.000,,,,,2022-06-28 02:00:00.000,2099-12-31 02:00:00.000,,,,aadmin,,,,Voucher Product,1,Y,"","",,,,
131.0,Samsung 4G black,1.0,1600.0,P,1.0,,,Y,DEV0042,,,device,,,,171.0,,,,,,1.0,,,,,,,,,,,,,,,,,,,,,,2022-06-29 11:54:16.000,,2022-06-29 11:55:22.000,,,2022-06-29 02:00:00.000,2099-12-31 02:00:00.000,,,,aadmin,,,,Non Voucher Product,1,Y,black,"","",,,
136.0,Ethiopia Micro Sim card,1.0,50.0,P,2.0,0.0,0.0,Y,ETA00011,,,sim,,,,157.0,,,,,,1.0,,,,,,,,,,,,,,,,,,,,,,2022-07-08 10:41:15.000,,,,,2022-07-08 02:00:00.000,2099-12-31 02:00:00.000,,,,aadmin,,,,Non Voucher Product,1,Y,Green,"1",,,,
253.0,Samsung1234,1.0,15000.0,P,0.0,0.0,0.0,Y,"3290",,,device,,,,189.0,,,,,,1.0,,,,,,,,,,,,,,,,,,,,,,2022-07-12 14:45:38.000,,,,,2022-07-12 02:00:00.000,2099-12-31 02:00:00.000,,,,aadmin,,,,Non Voucher Product,1,Y,"","",,,,
258.0,TestInventory,,100.0,L,0.0,,,Y,test,,,payment,,,,,,,,,,1.0,,,,,,,,,,,,,,,,,,,,,1.0,2022-07-13 11:04:44.000,,,,,2022-07-13 11:04:44.000,2100-01-31 00:00:01.000,,1,0,erp,,,,Non Voucher Product,1,N,,,,,,
259.0,TestInventory,,100.0,L,0.0,,,Y,test1,,,payment,,,,,,,,,,1.0,,,,,,,,,,,,,,,,,,,,,1.0,2022-07-13 11:05:24.000,,,,,2022-07-13 11:05:24.000,2100-01-31 00:00:01.000,,1,0,erp,,,,Non Voucher Product,1,N,,,,,,
375.0,"40 SMS",1.0,,L,0.0,0.0,0.0,N,"232",,,crm,,,,,,,,,,1.0,,,,,,,,,,,,,,,,,,,,,,2022-07-13 16:28:06.000,,,,,2022-07-13 02:00:00.000,2122-07-13 02:00:00.000,,,,LoadShopuser491,,,,,1,,,,,,,
376.0,"20 Mins On-net",1.0,,L,0.0,0.0,0.0,N,"259",,,crm,,,,,,,,,,1.0,,,,,,,,,,,,,,,,,,,,,,2022-07-13 16:32:46.000,,,,,2022-07-13 02:00:00.000,2122-07-13 02:00:00.000,,,,LoadShopuser491,,,,,1,,,,,,,
377.0,"Daily Welcome offer with 5GB data, 60 min voice and 500 SMSs",1.0,,L,0.0,0.0,0.0,N,"131",,,crm,,,,,,,,,,1.0,,,,,,,,,,,,,,,,,,,,,,2022-07-13 17:27:19.000,,,,,2022-07-13 02:00:00.000,2122-07-13 02:00:00.000,,,,atadesse,,,,,1,,,,,,,
378.0,"10240 MB_One_off",1.0,,L,0.0,0.0,0.0,N,"287",,,crm,,,,,,,,,,1.0,,,,,,,,,,,,,,,,,,,,,,2022-07-13 18:38:09.000,,,,,2022-07-13 02:00:00.000,2122-07-13 02:00:00.000,,,,atadesse,,,,,1,,,,,,,
379.0,"80 SMS",1.0,,L,0.0,0.0,0.0,N,"233",,,crm,,,,,,,,,,1.0,,,,,,,,,,,,,,,,,,,,,,2022-07-14 08:31:09.000,,,,,2022-07-14 02:00:00.000,2122-07-14 02:00:00.000,,,,atadesse,,,,,1,,,,,,,
380.0,"12 Mins On-net_One-Off",1.0,,L,0.0,0.0,0.0,N,"258",,,crm,,,,,,,,,,1.0,,,,,,,,,,,,,,,,,,,,,,2022-07-14 09:26:34.000,,,,,2022-07-14 02:00:00.000,2122-07-14 02:00:00.000,,,,LoadShopuser491,,,,,1,,,,,,,
381.0,"1800Min 7500MB 50sms",1.0,,L,0.0,0.0,0.0,N,"311",,,crm,,,,,,,,,,1.0,,,,,,,,,,,,,,,,,,,,,,2022-07-15 12:32:49.000,,,,,2022-07-15 02:00:00.000,2122-07-15 02:00:00.000,,,,pagure1,,,,,1,,,,,,,
382.0,"125Min 2048MB",1.0,,L,0.0,0.0,0.0,N,"307",,,crm,,,,,,,,,,1.0,,,,,,,,,,,,,,,,,,,,,,2022-07-15 12:33:10.000,,,,,2022-07-15 02:00:00.000,2122-07-15 02:00:00.000,,,,pagure1,,,,,1,,,,,,,
383.0,"1500Min 6150MB 50sms",1.0,,L,0.0,0.0,0.0,N,"310",,,crm,,,,,,,,,,1.0,,,,,,,,,,,,,,,,,,,,,,2022-07-15 12:34:04.000,,,,,2022-07-15 02:00:00.000,2122-07-15 02:00:00.000,,,,pagure1,,,,,1,,,,,,,
384.0,Ethiopia Electronic Voucher 1000,,0.0,L,0.0,,,Y,EVD01000,,,evd voucher,,,,,,,,,,50.0,,,,,,,,,,,,,,,,,,,,,1.0,2022-07-15 13:00:24.000,,,,,2022-07-15 13:00:24.000,2100-01-31 12:00:00.000,,1,0,erp,,,,Voucher Product,1,Y,,,,,,
385.0,Iphone 11 64GB,,0.0,P,0.0,,,Y,ETD20017,,,device,,,,,,,,,,1.0,,,,,,,,,,,,,,,,,,,,,1.0,2022-07-15 13:00:26.000,,,,,2022-07-15 13:00:26.000,2100-01-31 12:00:00.000,,1,0,erp,,,,Non Voucher Product,1,Y,,,,,,
386.0,Ethiopia Recharge Voucher 5,,0.0,P,0.0,,,Y,EVC00005,,,physical voucher,,,,,,,,,,1.0,,,,,,,,,,,,,,,,,,,,,1.0,2022-07-15 13:00:27.000,,,,,2022-07-15 13:00:27.000,2100-01-31 12:00:01.000,,1,0,erp,,,,Voucher Product,1,Y,,,,,,
387.0,Ethiopia SIM Starter Pack - DSA,,0.0,P,0.0,,,Y,ETA00001,,,sim,,,,,,,,,,,,,,,,,,,,,,,,,,,,,,,1.0,2025-01-29 15:37:07.000,,,,,2025-01-29 15:37:07.000,2099-12-31 12:00:00.000,,1,0,erp,,,,Non Voucher Product,1,Y,,,,,,
388.0,Stamp Duty,,0.0,P,0.0,,,Y,S-DUTY,,,sim,,,,,,,,,,1.0,,,,,,,,,,,,,,,,,,,,,1.0,2022-07-15 13:00:28.000,,,,,2022-07-18 15:20:54.000,2100-01-31 12:00:00.000,,1,0,erp,,,,Non Voucher Product,1,Y,,,,,,
389.0,"Enterprise Welcome offer with 100GB data, 2000 min voice and 1000 SMSs",1.0,,L,0.0,0.0,0.0,N,"129",,,crm,,,,,,,,,,1.0,,,,,,,,,,,,,,,,,,,,,,2022-07-15 14:36:26.000,,,,,2022-07-15 02:00:00.000,2122-07-15 02:00:00.000,,,,pagure1,,,,,1,,,,,,,
390.0,"140 SMS",1.0,,L,0.0,0.0,0.0,N,"234",,,crm,,,,,,,,,,1.0,,,,,,,,,,,,,,,,,,,,,,2022-07-15 14:41:05.000,,,,,2022-07-15 02:00:00.000,2122-07-15 02:00:00.000,,,,atadesse,,,,,1,,,,,,,
391.0,Famoco 3in1  EKYC Device,,0.0,P,0.0,,,Y,ETD20027,,,device,,,,,,,,,,1.0,,,,,,,,,,,,,,,,,,,,,1.0,2022-07-15 18:38:48.000,,,,,2022-07-15 18:38:48.000,2100-01-31 12:00:00.000,,1,0,erp,,,,Non Voucher Product,1,Y,,,,,,
392.0,Ethiopia Electronic Vouchers 5,,0.0,L,0.0,,,N,EVD00005,,,evd voucher,,,,,,,,,,2000.0,,,,,,,,,,,,,,,,,,,,,1.0,2022-07-15 18:38:51.000,,,,,2022-07-15 18:38:51.000,2100-01-31 12:00:00.000,,1,0,erp,,,,Voucher Product,1,Y,,,,,,
393.0,Safaricom ET Kimem Awaze 4G SFP - Vida,,0.0,P,0.0,,,Y,ETD20001,,,device,,,,,,,,,,1.0,,,,,,,,,,,,,,,,,,,,,1.0,2022-07-15 19:28:57.000,,,,,2022-07-15 19:28:57.000,2100-01-31 12:00:01.000,,1,0,erp,,,,Non Voucher Product,1,Y,,,,,,
394.0,"500 MB",1.0,,L,0.0,0.0,0.0,N,"279",,,crm,,,,,,,,,,1.0,,,,,,,,,,,,,,,,,,,,,,2022-07-15 20:31:49.000,,,,,2022-07-15 02:00:00.000,2122-07-15 02:00:00.000,,,,tdistributer,,,,,1,,,,,,,
395.0,iPhone 13 Pro Max 1 TB Gold,,0.0,P,0.0,,,Y,ETD20110,,,device,,,,,,,,,,1.0,,,,,,,,,,,,,,,,,,,,,1.0,2022-07-18 16:20:57.000,,,,,2022-07-18 16:20:57.000,2100-01-31 12:00:01.000,,1,0,erp,,,,Non Voucher Product,1,Y,,,,,,
396.0,iPhone 13 Pro Max 1 TB Sierra Blue,,0.0,P,0.0,,,Y,ETD20111,,,device,,,,,,,,,,1.0,,,,,,,,,,,,,,,,,,,,,1.0,2022-07-18 18:23:03.000,,,,,2022-07-18 18:23:03.000,2100-01-31 12:00:01.000,,1,0,erp,,,,Non Voucher Product,1,Y,,,,,,
397.0,iPhone 13 Pro Max 1 TB Alpine Green,,0.0,P,0.0,,,Y,ETD20112,,,device,,,,,,,,,,1.0,,,,,,,,,,,,,,,,,,,,,1.0,2022-07-18 18:23:04.000,,,,,2022-07-18 18:23:04.000,2100-01-31 12:00:01.000,,1,0,erp,,,,Non Voucher Product,1,Y,,,,,,
398.0,iPhone 12 64 GB Black,,0.0,P,0.0,,,Y,ETD20113,,,device,,,,,,,,,,1.0,,,,,,,,,,,,,,,,,,,,,1.0,2022-07-18 18:23:04.000,,,,,2022-07-18 18:23:04.000,2100-01-31 12:00:00.000,,1,0,erp,,,,Non Voucher Product,1,Y,,,,,,
399.0,Galaxy A03 Core LTE DS 2+32GB,,0.0,P,0.0,,,Y,ETD20006,,,device,,,,,,,,,,1.0,,,,,,,,,,,,,,,,,,,,,1.0,2022-07-18 18:23:05.000,,,,,2022-07-18 18:23:05.000,2100-01-31 12:00:00.000,,1,0,erp,,,,Non Voucher Product,1,Y,,,,,,
400.0,Galaxy A12 LTE DS 4+64GB,,0.0,P,0.0,,,Y,ETD20007,,,device,,,,,,,,,,1.0,,,,,,,,,,,,,,,,,,,,,1.0,2022-07-18 18:23:06.000,,,,,2022-07-18 18:23:06.000,2100-01-31 12:00:01.000,,1,0,erp,,,,Non Voucher Product,1,Y,,,,,,
401.0,Galaxy A13 LTE DS 4+128GB,,0.0,P,0.0,,,Y,ETD20008,,,device,,,,,,,,,,1.0,,,,,,,,,,,,,,,,,,,,,1.0,2022-07-18 18:23:07.000,,,,,2022-07-18 18:23:07.000,2100-01-31 12:00:01.000,,1,0,erp,,,,Non Voucher Product,1,Y,,,,,,
402.0,Ethiopia Electronic Voucher 10,,0.0,L,0.0,,,Y,EVD00010,,,evd voucher,,,,,,,,,,2000.0,,,,,,,,,,,,,,,,,,,,,1.0,2022-07-18 18:23:09.000,,,,,2022-07-18 18:23:09.000,2100-01-31 12:00:00.000,,1,0,erp,,,,Voucher Product,1,Y,,,,,,
403.0,Ethiopia Electronic Voucher 15,,0.0,L,0.0,,,Y,EVD00015,,,evd voucher,,,,,,,,,,1000.0,,,,,,,,,,,,,,,,,,,,,1.0,2022-07-18 18:23:10.000,,,,,2022-07-18 18:23:10.000,2100-01-31 12:00:01.000,,1,0,erp,,,,Voucher Product,1,Y,,,,,,
404.0,Ethiopia Electronic Voucher 20,,0.0,L,0.0,,,Y,EVD00020,,,evd voucher,,,,,,,,,,1000.0,,,,,,,,,,,,,,,,,,,,,1.0,2022-07-18 18:23:11.000,,,,,2022-07-18 18:23:11.000,2100-01-31 12:00:01.000,,1,0,erp,,,,Voucher Product,1,Y,,,,,,
405.0,Ethiopia Electronic Voucher 25,,0.0,L,0.0,,,Y,EVD00025,,,evd voucher,,,,,,,,,,1000.0,,,,,,,,,,,,,,,,,,,,,1.0,2022-07-18 18:23:12.000,,,,,2022-07-18 18:23:12.000,2100-01-31 12:00:01.000,,1,0,erp,,,,Voucher Product,1,Y,,,,,,
406.0,Ethiopia Electronic Voucher 50,,0.0,L,0.0,,,Y,EVD00050,,,evd voucher,,,,,,,,,,500.0,,,,,,,,,,,,,,,,,,,,,1.0,2022-07-18 18:23:12.000,,,,,2022-07-18 18:23:12.000,2100-01-31 12:00:00.000,,1,0,erp,,,,Voucher Product,1,Y,,,,,,
407.0,Ethiopia Electronic Voucher 100,,0.0,L,0.0,,,Y,EVD00100,,,evd voucher,,,,,,,,,,200.0,,,,,,,,,,,,,,,,,,,,,1.0,2022-07-18 18:23:13.000,,,,,2022-07-18 18:23:13.000,2100-01-31 12:00:00.000,,1,0,erp,,,,Voucher Product,1,Y,,,,,,
408.0,Ethiopia Electronic Voucher 250,,0.0,L,0.0,,,Y,EVD00250,,,evd voucher,,,,,,,,,,50.0,,,,,,,,,,,,,,,,,,,,,1.0,2022-07-18 18:23:15.000,,,,,2022-07-18 18:23:15.000,2100-01-31 12:00:01.000,,1,0,erp,,,,Voucher Product,1,Y,,,,,,
409.0,Ethiopia Electronic Voucher 500,,0.0,L,0.0,,,Y,EVD00500,,,evd voucher,,,,,,,,,,50.0,,,,,,,,,,,,,,,,,,,,,1.0,2022-07-18 18:23:16.000,,,,,2022-07-18 18:23:16.000,2100-01-31 12:00:01.000,,1,0,erp,,,,Voucher Product,1,Y,,,,,,
410.0,Ethiopia Recharge Voucher 10,,0.0,P,0.0,,,Y,EVC00010,,,physical voucher,,,,,,,,,,1.0,,,,,,,,,,,,,,,,,,,,,1.0,2022-07-18 18:23:18.000,,,,,2022-07-18 18:23:18.000,2100-01-31 12:00:01.000,,1,0,erp,,,,Voucher Product,1,Y,,,,,,
411.0,Ethiopia Recharge Voucher 15,,0.0,P,0.0,,,Y,EVC00015,,,physical voucher,,,,,,,,,,1.0,,,,,,,,,,,,,,,,,,,,,1.0,2022-07-18 18:23:19.000,,,,,2022-07-18 18:23:19.000,2100-01-31 12:00:01.000,,1,0,erp,,,,Voucher Product,1,Y,,,,,,
412.0,Ethiopia Recharge Voucher 20,,0.0,P,0.0,,,Y,EVC00020,,,physical voucher,,,,,,,,,,1.0,,,,,,,,,,,,,,,,,,,,,1.0,2022-07-18 18:23:20.000,,,,,2022-07-18 18:23:20.000,2100-01-31 12:00:01.000,,1,0,erp,,,,Voucher Product,1,Y,,,,,,
413.0,Ethiopia Recharge Voucher 50,,0.0,P,0.0,,,Y,EVC00050,,,physical voucher,,,,,,,,,,1.0,,,,,,,,,,,,,,,,,,,,,1.0,2022-07-18 18:23:21.000,,,,,2022-07-18 18:23:21.000,2100-01-31 12:00:00.000,,1,0,erp,,,,Voucher Product,1,Y,,,,,,
414.0,Ethiopia Recharge Voucher 100,,0.0,P,0.0,,,Y,EVC00100,,,physical voucher,,,,,,,,,,1.0,,,,,,,,,,,,,,,,,,,,,1.0,2022-07-18 18:23:22.000,,,,,2022-07-18 18:23:22.000,2100-01-31 12:00:01.000,,1,0,erp,,,,Voucher Product,1,Y,,,,,,
415.0,Ethiopia Recharge Voucher 200,,0.0,P,0.0,,,Y,EVC00200,,,physical voucher,,,,,,,,,,1.0,,,,,,,,,,,,,,,,,,,,,1.0,2022-07-18 18:23:23.000,,,,,2022-07-18 18:23:23.000,2100-01-31 12:00:01.000,,1,0,erp,,,,Voucher Product,1,Y,,,,,,
416.0,Ethiopia Recharge Voucher 250,,0.0,P,0.0,,,Y,EVC00250,,,physical voucher,,,,,,,,,,1.0,,,,,,,,,,,,,,,,,,,,,1.0,2022-07-18 18:23:24.000,,,,,2022-07-18 18:23:24.000,2100-01-31 12:00:01.000,,1,0,erp,,,,Voucher Product,1,Y,,,,,,
417.0,Ethiopia Recharge Voucher 500,,0.0,P,0.0,,,Y,EVC00500,,,physical voucher,,,,,,,,,,1.0,,,,,,,,,,,,,,,,,,,,,1.0,2022-07-18 18:23:24.000,,,,,2022-07-18 18:23:24.000,2100-01-31 12:00:00.000,,1,0,erp,,,,Voucher Product,1,Y,,,,,,
418.0,Ethiopia Recharge Voucher 1000,,0.0,P,0.0,,,Y,EVC01000,,,physical voucher,,,,,,,,,,1.0,,,,,,,,,,,,,,,,,,,,,1.0,2022-07-18 18:23:25.000,,,,,2022-07-18 18:23:25.000,2100-01-31 12:00:00.000,,1,0,erp,,,,Voucher Product,1,Y,,,,,,
419.0,VIDA 203 EVD Printers,,0.0,P,0.0,,,Y,ETD20030,,,sim,,,,,,,,,,,,,,,,,,,,,,,,,,,,,,,1.0,2025-01-29 15:39:07.000,,,,,2025-01-29 15:39:07.000,2099-12-31 12:00:01.000,,1,0,erp,,,,Non Voucher Product,1,Y,,,,,,
420.0,Galaxy A13 LTE Dual Sim 4+64GB Orange,,0.0,P,0.0,,,Y,ETD20033,,,device,,,,,,,,,,1.0,,,,,,,,,,,,,,,,,,,,,1.0,2022-07-21 15:53:40.000,,,,,2022-07-21 15:53:40.000,2100-01-31 12:00:00.000,,1,0,erp,,,,Non Voucher Product,1,Y,,,,,,
421.0,Galaxy A13 LTE Dual Sim 4+64GB  White,,0.0,P,0.0,,,Y,ETD20034,,,device,,,,,,,,,,1.0,,,,,,,,,,,,,,,,,,,,,1.0,2022-07-21 15:53:41.000,,,,,2022-07-21 15:53:41.000,2100-01-31 12:00:01.000,,1,0,erp,,,,Non Voucher Product,1,Y,,,,,,
422.0,Galaxy A33 LTE Dual Sim 6+128GB (5G)  Black,,0.0,P,0.0,,,Y,ETD20039,,,device,,,,,,,,,,1.0,,,,,,,,,,,,,,,,,,,,,1.0,2022-07-21 15:53:49.000,,,,,2022-07-21 15:53:49.000,2100-01-31 12:00:01.000,,1,0,erp,,,,Non Voucher Product,1,Y,,,,,,
423.0,Galaxy A33 LTE Dual Sim 6+128GB (5G)  Light Blue,,0.0,P,0.0,,,Y,ETD20040,,,device,,,,,,,,,,1.0,,,,,,,,,,,,,,,,,,,,,1.0,2022-07-21 15:53:49.000,,,,,2022-07-21 15:53:49.000,2100-01-31 12:00:00.000,,1,0,erp,,,,Non Voucher Product,1,Y,,,,,,
424.0,Galaxy A33 LTE Dual Sim 6+128GB (5G)  Orange,,0.0,P,0.0,,,Y,ETD20041,,,device,,,,,,,,,,1.0,,,,,,,,,,,,,,,,,,,,,1.0,2022-07-21 15:53:50.000,,,,,2022-07-21 15:53:50.000,2100-01-31 12:00:00.000,,1,0,erp,,,,Non Voucher Product,1,Y,,,,,,
425.0,Galaxy A33 LTE Dual Sim 6+128GB (5G)  White,,0.0,P,0.0,,,Y,ETD20042,,,device,,,,,,,,,,1.0,,,,,,,,,,,,,,,,,,,,,1.0,2022-07-21 15:53:51.000,,,,,2022-07-21 15:53:51.000,2100-01-31 12:00:01.000,,1,0,erp,,,,Non Voucher Product,1,Y,,,,,,
426.0,Galaxy A53 LTE Dual Sim 8+128GB (5G)  Black,,0.0,P,0.0,,,Y,ETD20043,,,device,,,,,,,,,,1.0,,,,,,,,,,,,,,,,,,,,,1.0,2022-07-21 15:54:05.000,,,,,2022-07-21 15:54:05.000,2100-01-31 12:00:01.000,,1,0,erp,,,,Non Voucher Product,1,Y,,,,,,
427.0,Galaxy A53 LTE Dual Sim 8+128GB (5G)  Light Blue,,0.0,P,0.0,,,Y,ETD20044,,,device,,,,,,,,,,1.0,,,,,,,,,,,,,,,,,,,,,1.0,2022-07-21 15:54:05.000,,,,,2022-07-21 15:54:05.000,2100-01-31 12:00:00.000,,1,0,erp,,,,Non Voucher Product,1,Y,,,,,,
428.0,Galaxy A53 LTE Dual Sim 8+128GB (5G)  Orange,,0.0,P,0.0,,,Y,ETD20045,,,device,,,,,,,,,,1.0,,,,,,,,,,,,,,,,,,,,,1.0,2022-07-21 15:54:06.000,,,,,2022-07-21 15:54:06.000,2100-01-31 12:00:00.000,,1,0,erp,,,,Non Voucher Product,1,Y,,,,,,
429.0,Galaxy A53 LTE Dual Sim 8+128GB (5G)  White,,0.0,P,0.0,,,Y,ETD20046,,,device,,,,,,,,,,1.0,,,,,,,,,,,,,,,,,,,,,1.0,2022-07-21 15:54:02.000,,,,,2022-07-21 15:54:02.000,2100-01-31 12:00:01.000,,1,0,erp,,,,Non Voucher Product,1,Y,,,,,,
430.0,Galaxy A73 LTE Dual Sim 8+256GB (5G) Gray,,0.0,P,0.0,,,Y,ETD20047,,,device,,,,,,,,,,1.0,,,,,,,,,,,,,,,,,,,,,1.0,2022-07-21 15:53:56.000,,,,,2022-07-21 15:53:56.000,2100-01-31 12:00:01.000,,1,0,erp,,,,Non Voucher Product,1,Y,,,,,,
431.0,Galaxy A73 LTE Dual Sim 8+256GB (5G) Light Green,,0.0,P,0.0,,,Y,ETD20048,,,device,,,,,,,,,,1.0,,,,,,,,,,,,,,,,,,,,,1.0,2022-07-21 15:53:57.000,,,,,2022-07-21 15:53:57.000,2100-01-31 12:00:01.000,,1,0,erp,,,,Non Voucher Product,1,Y,,,,,,
432.0,Galaxy A73 LTE Dual Sim 8+256GB (5G) White,,0.0,P,0.0,,,Y,ETD20049,,,device,,,,,,,,,,1.0,,,,,,,,,,,,,,,,,,,,,1.0,2022-07-21 15:53:58.000,,,,,2022-07-21 15:53:58.000,2100-01-31 12:00:01.000,,1,0,erp,,,,Non Voucher Product,1,Y,,,,,,
433.0,Galaxy A73 LTE Dual Sim 8+256GB (5G) Black,,0.0,P,0.0,,,Y,ETD20050,,,device,,,,,,,,,,1.0,,,,,,,,,,,,,,,,,,,,,1.0,2022-07-21 15:54:02.000,,,,,2022-07-21 15:54:02.000,2100-01-31 12:00:00.000,,1,0,erp,,,,Non Voucher Product,1,Y,,,,,,
434.0,Galaxy A03-Core LTE Dual Sim 2+32GB (A032F) Black,,0.0,P,0.0,,,Y,ETD20051,,,device,,,,,,,,,,1.0,,,,,,,,,,,,,,,,,,,,,1.0,2022-07-21 15:54:03.000,,,,,2022-07-21 15:54:03.000,2100-01-31 12:00:00.000,,1,0,erp,,,,Non Voucher Product,1,Y,,,,,,
435.0,Galaxy A03-Core LTE Dual Sim 2+32GB (A032F) Blue,,0.0,P,0.0,,,Y,ETD20052,,,device,,,,,,,,,,1.0,,,,,,,,,,,,,,,,,,,,,1.0,2022-07-21 15:54:04.000,,,,,2022-07-21 15:54:04.000,2100-01-31 12:00:01.000,,1,0,erp,,,,Non Voucher Product,1,Y,,,,,,
436.0,Galaxy S21 FE Dual Sim 6+128GB Gray,,0.0,P,0.0,,,Y,ETD20053,,,device,,,,,,,,,,1.0,,,,,,,,,,,,,,,,,,,,,1.0,2022-07-21 15:53:51.000,,,,,2022-07-21 15:53:51.000,2100-01-31 12:00:00.000,,1,0,erp,,,,Non Voucher Product,1,Y,,,,,,
437.0,Galaxy S21 FE Dual Sim 6+128GB  Light Green,,0.0,P,0.0,,,Y,ETD20054,,,device,,,,,,,,,,1.0,,,,,,,,,,,,,,,,,,,,,1.0,2022-07-21 15:53:52.000,,,,,2022-07-21 15:53:52.000,2100-01-31 12:00:01.000,,1,0,erp,,,,Non Voucher Product,1,Y,,,,,,
438.0,Galaxy Z Fold3 Dual Sim 12+512GB  Black,,0.0,P,0.0,,,Y,ETD20055,,,device,,,,,,,,,,1.0,,,,,,,,,,,,,,,,,,,,,1.0,2022-07-21 15:53:52.000,,,,,2022-07-21 15:53:52.000,2100-01-31 12:00:00.000,,1,0,erp,,,,Non Voucher Product,1,Y,,,,,,
439.0,Galaxy A13 LTE Dual Sim 4+64GB Black,,0.0,P,0.0,,,Y,ETD20031,,,device,,,,,,,,,,1.0,,,,,,,,,,,,,,,,,,,,,1.0,2022-07-21 15:54:07.000,,,,,2022-07-21 15:54:07.000,2100-01-31 12:00:00.000,,1,0,erp,,,,Non Voucher Product,1,Y,,,,,,
440.0,Galaxy A13 LTE Dual Sim 4+64GB Light Blue,,0.0,P,0.0,,,Y,ETD20032,,,device,,,,,,,,,,1.0,,,,,,,,,,,,,,,,,,,,,1.0,2022-07-21 15:53:41.000,,,,,2022-07-21 15:53:41.000,2100-01-31 12:00:00.000,,1,0,erp,,,,Non Voucher Product,1,Y,,,,,,
441.0,Galaxy Z Fold3 Dual Sim 12+512GB Green/Silver,,0.0,P,0.0,,,Y,ETD20056,,,device,,,,,,,,,,1.0,,,,,,,,,,,,,,,,,,,,,1.0,2022-07-21 15:53:53.000,,,,,2022-07-21 15:53:53.000,2100-01-31 12:00:01.000,,1,0,erp,,,,Non Voucher Product,1,Y,,,,,,
442.0,Samsung Tab A7 Lite 3+32GB LTE Gray,,0.0,P,0.0,,,Y,ETD20057,,,device,,,,,,,,,,1.0,,,,,,,,,,,,,,,,,,,,,1.0,2022-07-21 15:53:42.000,,,,,2022-07-21 15:53:42.000,2100-01-31 12:00:00.000,,1,0,erp,,,,Non Voucher Product,1,Y,,,,,,
443.0,Samsung Tab A7 Lite 3+32GB LTE Sliver,,0.0,P,0.0,,,Y,ETD20058,,,device,,,,,,,,,,1.0,,,,,,,,,,,,,,,,,,,,,1.0,2022-07-21 15:53:43.000,,,,,2022-07-21 15:53:43.000,2100-01-31 12:00:00.000,,1,0,erp,,,,Non Voucher Product,1,Y,,,,,,
444.0,Galaxy S22 5G Dual Sim (8+256gb) Black,,0.0,P,0.0,,,Y,ETD20059,,,device,,,,,,,,,,1.0,,,,,,,,,,,,,,,,,,,,,1.0,2022-07-21 15:53:44.000,,,,,2022-07-21 15:53:44.000,2100-01-31 12:00:00.000,,1,0,erp,,,,Non Voucher Product,1,Y,,,,,,
445.0,Galaxy S22 5G Dual Sim (8+256gb) Green,,0.0,P,0.0,,,Y,ETD20060,,,device,,,,,,,,,,1.0,,,,,,,,,,,,,,,,,,,,,1.0,2022-07-21 15:53:46.000,,,,,2022-07-21 15:53:46.000,2100-01-31 12:00:00.000,,1,0,erp,,,,Non Voucher Product,1,Y,,,,,,
446.0,Galaxy S22+ 5G Dual Sim (8+256gb) Black,,0.0,P,0.0,,,Y,ETD20061,,,device,,,,,,,,,,1.0,,,,,,,,,,,,,,,,,,,,,1.0,2022-07-21 15:53:47.000,,,,,2022-07-21 15:53:47.000,2100-01-31 12:00:01.000,,1,0,erp,,,,Non Voucher Product,1,Y,,,,,,
447.0,Galaxy S22+ 5G Dual Sim (8+256gb) Green,,0.0,P,0.0,,,Y,ETD20062,,,device,,,,,,,,,,1.0,,,,,,,,,,,,,,,,,,,,,1.0,2022-07-21 15:53:48.000,,,,,2022-07-21 15:53:48.000,2100-01-31 12:00:01.000,,1,0,erp,,,,Non Voucher Product,1,Y,,,,,,
448.0,Galaxy S22Ultra 5G Dual Sim (12+ 512GB) Black,,0.0,P,0.0,,,Y,ETD20063,,,device,,,,,,,,,,1.0,,,,,,,,,,,,,,,,,,,,,1.0,2022-07-21 15:54:00.000,,,,,2022-07-21 15:54:00.000,2100-01-31 12:00:00.000,,1,0,erp,,,,Non Voucher Product,1,Y,,,,,,
449.0,Galaxy S22Ultra 5G Dual Sim (12+ 512GB) Burgandy,,0.0,P,0.0,,,Y,ETD20064,,,device,,,,,,,,,,1.0,,,,,,,,,,,,,,,,,,,,,1.0,2022-07-21 15:54:01.000,,,,,2022-07-21 15:54:01.000,2100-01-31 12:00:01.000,,1,0,erp,,,,Non Voucher Product,1,Y,,,,,,
450.0,Galaxy A23 LTE Dual Sim 4+64GB Black,,0.0,P,0.0,,,Y,ETD20035,,,device,,,,,,,,,,1.0,,,,,,,,,,,,,,,,,,,,,1.0,2022-07-21 15:53:53.000,,,,,2022-07-21 15:53:53.000,2100-01-31 12:00:00.000,,1,0,erp,,,,Non Voucher Product,1,Y,,,,,,
451.0,Galaxy A23 LTE Dual Sim 4+64GB Light Blue,,0.0,P,0.0,,,Y,ETD20036,,,device,,,,,,,,,,1.0,,,,,,,,,,,,,,,,,,,,,1.0,2022-07-21 15:53:54.000,,,,,2022-07-21 15:53:54.000,2100-01-31 12:00:01.000,,1,0,erp,,,,Non Voucher Product,1,Y,,,,,,
452.0,Galaxy A23 LTE Dual Sim 4+64GB Orange,,0.0,P,0.0,,,Y,ETD20037,,,device,,,,,,,,,,1.0,,,,,,,,,,,,,,,,,,,,,1.0,2022-07-21 15:53:55.000,,,,,2022-07-21 15:53:55.000,2100-01-31 12:00:01.000,,1,0,erp,,,,Non Voucher Product,1,Y,,,,,,
453.0,Galaxy S22Ultra 5G Dual Sim (12+ 512GB) Green,,0.0,P,0.0,,,Y,ETD20065,,,device,,,,,,,,,,1.0,,,,,,,,,,,,,,,,,,,,,1.0,2022-07-21 15:54:01.000,,,,,2022-07-21 15:54:01.000,2100-01-31 12:00:00.000,,1,0,erp,,,,Non Voucher Product,1,Y,,,,,,
454.0,Tab A8 3+32G LTE Gray,,0.0,P,0.0,,,Y,ETD20066,,,device,,,,,,,,,,1.0,,,,,,,,,,,,,,,,,,,,,1.0,2022-07-21 15:53:58.000,,,,,2022-07-21 15:53:58.000,2100-01-31 12:00:00.000,,1,0,erp,,,,Non Voucher Product,1,Y,,,,,,
455.0,Tab A8 3+32G LTE Silver,,0.0,P,0.0,,,Y,ETD20067,,,device,,,,,,,,,,1.0,,,,,,,,,,,,,,,,,,,,,1.0,2022-07-21 15:53:59.000,,,,,2022-07-21 15:53:59.000,2100-01-31 12:00:01.000,,1,0,erp,,,,Non Voucher Product,1,Y,,,,,,
456.0,EVD Bluetooth Thermal Printer,,0.0,P,0.0,,,Y,ETD20137,,,sim,,,,,,,,,,1.0,,,,,,,,,,,,,,,,,,,,,1.0,2022-07-18 18:23:58.000,,,,,2022-07-22 13:20:54.000,2100-01-31 12:00:01.000,,1,0,erp,,,,Non Voucher Product,1,Y,,,,,,
457.0,iPhone 13 256 GB Blue,,0.0,P,0.0,,,Y,ETD20075,,,sim,,,,,,,,,,1.0,,,,,,,,,,,,,,,,,,,,,1.0,2022-07-18 18:23:59.000,,,,,2022-07-18 18:23:59.000,2100-01-31 12:00:01.000,,1,0,erp,,,,Non Voucher Product,1,Y,,,,,,
458.0,Phone Display Unit-40cm x 40cm x170 cm,,0.0,P,0.0,,,Y,ETD20139,,,sim,,,,,,,,,,,,,,,,,,,,,,,,,,,,,,,1.0,2025-01-29 15:41:07.000,,,,,2025-01-29 15:41:07.000,2099-12-31 12:00:00.000,,1,0,erp,,,,Non Voucher Product,1,Y,,,,,,
459.0,Phone Display Unit-40cm x 40cm x100 cm,,0.0,P,0.0,,,Y,ETD20140,,,sim,,,,,,,,,,,,,,,,,,,,,,,,,,,,,,,1.0,2025-01-29 15:43:07.000,,,,,2025-01-29 15:43:07.000,2099-12-31 12:00:00.000,,1,0,erp,,,,Non Voucher Product,1,Y,,,,,,
460.0,Portable Thermal Printer with Bluetooth + USB lnterface,,0.0,P,0.0,,,Y,ETD20138,,,sim,,,,,,,,,,,,,,,,,,,,,,,,,,,,,,,1.0,2025-01-29 15:45:07.000,,,,,2025-01-29 15:45:07.000,2099-12-31 12:00:00.000,,1,0,erp,,,,Non Voucher Product,1,Y,,,,,,
461.0,VIDA M30 Mifi: 4G,,0.0,P,0.0,,,Y,ETD20002,,,device,,,,,,,,,,1.0,,,,,,,,,,,,,,,,,,,,,1.0,2022-07-18 18:24:03.000,,,,,2022-07-18 18:24:03.000,2100-01-31 12:00:01.000,,1,0,erp,,,,Non Voucher Product,1,Y,,,,,,
462.0,VIDA M31 Mifi: 4G,,0.0,P,0.0,,,Y,ETD20003,,,device,,,,,,,,,,1.0,,,,,,,,,,,,,,,,,,,,,1.0,2022-07-18 18:24:03.000,,,,,2022-07-18 18:24:03.000,2100-01-31 12:00:00.000,,1,0,erp,,,,Non Voucher Product,1,Y,,,,,,
463.0,Safaricom ET Nana 4G Smartphone - Vida,,0.0,P,0.0,,,Y,ETD20000,,,device,,,,,,,,,,1.0,,,,,,,,,,,,,,,,,,,,,1.0,2022-07-18 18:24:06.000,,,,,2022-07-18 18:24:06.000,2100-01-31 12:00:01.000,,1,0,erp,,,,Non Voucher Product,1,Y,,,,,,
464.0,Safaricom ET Nana 4G Smartphone - Teleone,,0.0,P,0.0,,,Y,ETD20005,,,device,,,,,,,,,,1.0,,,,,,,,,,,,,,,,,,,,,1.0,2022-07-18 18:24:06.000,,,,,2022-07-18 18:24:06.000,2100-01-31 12:00:00.000,,1,0,erp,,,,Non Voucher Product,1,Y,,,,,,
465.0,Mobigo2 3in1 EKYC Device,,0.0,P,0.0,,,Y,ETD20028,,,device,,,,,,,,,,1.0,,,,,,,,,,,,,,,,,,,,,1.0,2022-07-18 18:24:08.000,,,,,2022-07-18 18:24:08.000,2100-01-31 12:00:00.000,,1,0,erp,,,,Non Voucher Product,1,Y,,,,,,
466.0,MSO-1300 Biometric Scanner,,0.0,P,0.0,,,Y,ETD20029,,,device,,,,,,,,,,1.0,,,,,,,,,,,,,,,,,,,,,1.0,2022-07-18 18:24:09.000,,,,,2022-07-18 18:24:09.000,2100-01-31 12:00:01.000,,1,0,erp,,,,Non Voucher Product,1,Y,,,,,,
467.0,Galaxy A53 LTE DS 8+128GB (5G),,0.0,P,0.0,,,Y,ETD20010,,,device,,,,,,,,,,1.0,,,,,,,,,,,,,,,,,,,,,1.0,2022-07-18 18:24:10.000,,,,,2022-07-18 18:24:10.000,2100-01-31 12:00:01.000,,1,0,erp,,,,Non Voucher Product,1,Y,,,,,,
468.0,Galaxy S21 FE DS 6+128GB,,0.0,P,0.0,,,Y,ETD20011,,,device,,,,,,,,,,1.0,,,,,,,,,,,,,,,,,,,,,1.0,2022-07-18 18:24:10.000,,,,,2022-07-18 18:24:10.000,2100-01-31 12:00:00.000,,1,0,erp,,,,Non Voucher Product,1,Y,,,,,,
469.0,Galaxy S22 5G 8+256GB,,0.0,P,0.0,,,Y,ETD20012,,,device,,,,,,,,,,1.0,,,,,,,,,,,,,,,,,,,,,1.0,2022-07-18 18:24:11.000,,,,,2022-07-18 18:24:11.000,2100-01-31 12:00:00.000,,1,0,erp,,,,Non Voucher Product,1,Y,,,,,,
470.0,Galaxy S22+ 5G 8+256GB,,0.0,P,0.0,,,Y,ETD20013,,,device,,,,,,,,,,1.0,,,,,,,,,,,,,,,,,,,,,1.0,2022-07-18 18:24:12.000,,,,,2022-07-18 18:24:12.000,2100-01-31 12:00:00.000,,1,0,erp,,,,Non Voucher Product,1,Y,,,,,,
471.0,Tab A8 4+64GB,,0.0,P,0.0,,,Y,ETD20016,,,device,,,,,,,,,,1.0,,,,,,,,,,,,,,,,,,,,,1.0,2022-07-18 18:24:13.000,,,,,2022-07-18 18:24:13.000,2100-01-31 12:00:01.000,,1,0,erp,,,,Non Voucher Product,1,Y,,,,,,
472.0,Iphone 12 64GB,,0.0,P,0.0,,,Y,ETD20019,,,device,,,,,,,,,,1.0,,,,,,,,,,,,,,,,,,,,,1.0,2022-07-18 18:24:14.000,,,,,2022-07-18 18:24:14.000,2100-01-31 12:00:00.000,,1,0,erp,,,,Non Voucher Product,1,Y,,,,,,
473.0,Iphone 12 128GB,,0.0,P,0.0,,,Y,ETD20020,,,device,,,,,,,,,,1.0,,,,,,,,,,,,,,,,,,,,,1.0,2022-07-18 18:24:15.000,,,,,2022-07-18 18:24:15.000,2100-01-31 12:00:00.000,,1,0,erp,,,,Non Voucher Product,1,Y,,,,,,
474.0,iPhone 13 mini 128GB,,0.0,P,0.0,,,Y,ETD20021,,,device,,,,,,,,,,1.0,,,,,,,,,,,,,,,,,,,,,1.0,2022-07-18 18:24:16.000,,,,,2022-07-18 18:24:16.000,2100-01-31 12:00:01.000,,1,0,erp,,,,Non Voucher Product,1,Y,,,,,,
475.0,iPhone 13 128GB,,0.0,P,0.0,,,Y,ETD20022,,,device,,,,,,,,,,1.0,,,,,,,,,,,,,,,,,,,,,1.0,2022-07-18 18:24:17.000,,,,,2022-07-18 18:24:17.000,2100-01-31 12:00:01.000,,1,0,erp,,,,Non Voucher Product,1,Y,,,,,,
476.0,iPhone 13 Pro 128GB,,0.0,P,0.0,,,Y,ETD20023,,,device,,,,,,,,,,1.0,,,,,,,,,,,,,,,,,,,,,1.0,2022-07-18 18:24:18.000,,,,,2022-07-18 18:24:18.000,2100-01-31 12:00:01.000,,1,0,erp,,,,Non Voucher Product,1,Y,,,,,,
477.0,iPhone 13 Pro 256GB,,0.0,P,0.0,,,Y,ETD20024,,,device,,,,,,,,,,1.0,,,,,,,,,,,,,,,,,,,,,1.0,2022-07-18 18:24:18.000,,,,,2022-07-18 18:24:18.000,2100-01-31 12:00:00.000,,1,0,erp,,,,Non Voucher Product,1,Y,,,,,,
478.0,iPhone 13 Pro Max 256GB,,0.0,P,0.0,,,Y,ETD20026,,,device,,,,,,,,,,1.0,,,,,,,,,,,,,,,,,,,,,1.0,2022-07-18 18:24:19.000,,,,,2022-07-18 18:24:19.000,2100-01-31 12:00:00.000,,1,0,erp,,,,Non Voucher Product,1,Y,,,,,,
479.0,iPhone 13 Pro Max 128GB,,0.0,P,0.0,,,Y,ETD20025,,,device,,,,,,,,,,1.0,,,,,,,,,,,,,,,,,,,,,1.0,2022-07-18 18:24:20.000,,,,,2022-07-18 18:24:20.000,2100-01-31 12:00:01.000,,1,0,erp,,,,Non Voucher Product,1,Y,,,,,,
480.0,Galaxy S22 Ultra 5G 12+512GB,,0.0,P,0.0,,,Y,ETD20014,,,device,,,,,,,,,,1.0,,,,,,,,,,,,,,,,,,,,,1.0,2022-07-18 18:24:21.000,,,,,2022-07-18 18:24:21.000,2100-01-31 12:00:01.000,,1,0,erp,,,,Non Voucher Product,1,Y,,,,,,
481.0,free 2GB,1.0,,L,0.0,0.0,0.0,N,"278",,,crm,,,,,,,,,,1.0,,,,,,,,,,,,,,,,,,,,,,2022-07-20 10:55:43.000,,,,,2022-07-19 10:55:43.000,2122-07-19 10:55:43.000,,,,aadmin,,,,,1,,,,,,,
482.0,iphone,1.0,,L,0.0,0.0,0.0,N,"123",,,crm,,,,,,,,,,1.0,,,,,,,,,,,,,,,,,,,,,,2022-07-20 16:22:45.000,,,,,2022-07-19 16:22:45.000,2122-07-19 16:22:45.000,,,,aadmin,,,,,1,,,,,,,
483.0,iPhone 13 Pro 256 GB Gold,,0.0,P,0.0,,,Y,ETD20089,,,device,,,,,,,,,,1.0,,,,,,,,,,,,,,,,,,,,,1.0,2022-07-21 12:06:03.000,,,,,2022-07-21 12:06:03.000,2100-01-31 12:00:01.000,,1,0,erp,,,,Non Voucher Product,1,Y,,,,,,
484.0,bundle21,1.0,567.0,L,0.0,,,N,"20021",,,crm,,,,18.0,,,,,,1.0,,,,,,,,,,,,,,,,,,,,,,2022-07-21 12:41:24.000,,2023-02-01 13:00:55.000,,,2022-07-20 00:00:00.000,2122-07-20 00:00:00.000,,,,aadmin,,,,Non Voucher Product,1,,"","",Y,,,
485.0,"5GB",1.0,,L,0.0,0.0,0.0,N,"191",,,crm,,,,,,,,,,1.0,,,,,,,,,,,,,,,,,,,,,,2022-07-21 12:46:27.000,,,,,2022-07-20 12:46:27.000,2122-07-20 12:46:27.000,,,,aadmin,,,,,1,,,,,,,
486.0,Iphone 11 128GB,,0.0,P,0.0,,,Y,ETD20018,,,device,,,,,,,,,,1.0,,,,,,,,,,,,,,,,,,,,,1.0,2022-07-21 15:58:47.000,,,,,2022-07-21 15:58:47.000,2100-01-31 12:00:00.000,,1,0,erp,,,,Non Voucher Product,1,Y,,,,,,
487.0,Galaxy Z Fold 3 12+512GB,,0.0,P,0.0,,,Y,ETD20015,,,device,,,,,,,,,,1.0,,,,,,,,,,,,,,,,,,,,,1.0,2022-07-21 15:58:48.000,,,,,2022-07-21 15:58:48.000,2100-01-31 12:00:00.000,,1,0,erp,,,,Non Voucher Product,1,Y,,,,,,
488.0,iPhone 13 128 GB Midnight,,0.0,P,0.0,,,Y,ETD20068,,,device,,,,,,,,,,1.0,,,,,,,,,,,,,,,,,,,,,1.0,2022-07-21 15:58:49.000,,,,,2022-07-21 15:58:49.000,2100-01-31 12:00:01.000,,1,0,erp,,,,Non Voucher Product,1,Y,,,,,,
489.0,iPhone 13 256 GB Midnight,,0.0,P,0.0,,,Y,ETD20074,,,device,,,,,,,,,,1.0,,,,,,,,,,,,,,,,,,,,,1.0,2022-07-21 15:58:51.000,,,,,2022-07-21 15:58:51.000,2100-01-31 12:00:01.000,,1,0,erp,,,,Non Voucher Product,1,Y,,,,,,
490.0,iPhone 13 256 GB Green,,0.0,P,0.0,,,Y,ETD20076,,,device,,,,,,,,,,1.0,,,,,,,,,,,,,,,,,,,,,1.0,2022-07-21 15:58:51.000,,,,,2022-07-21 15:58:51.000,2100-01-31 12:00:00.000,,1,0,erp,,,,Non Voucher Product,1,Y,,,,,,
491.0,iPhone 13 256 GB Starlight,,0.0,P,0.0,,,Y,ETD20077,,,device,,,,,,,,,,1.0,,,,,,,,,,,,,,,,,,,,,1.0,2022-07-21 15:58:53.000,,,,,2022-07-21 15:58:53.000,2100-01-31 12:00:01.000,,1,0,erp,,,,Non Voucher Product,1,Y,,,,,,
492.0,iPhone 13 512 GB Midnight,,0.0,P,0.0,,,Y,ETD20078,,,device,,,,,,,,,,1.0,,,,,,,,,,,,,,,,,,,,,1.0,2022-07-21 15:58:54.000,,,,,2022-07-21 15:58:54.000,2100-01-31 12:00:00.000,,1,0,erp,,,,Non Voucher Product,1,Y,,,,,,
493.0,iPhone 13 mini 128 GB Midnight,,0.0,P,0.0,,,Y,ETD20079,,,device,,,,,,,,,,1.0,,,,,,,,,,,,,,,,,,,,,1.0,2022-07-21 15:58:55.000,,,,,2022-07-21 15:58:55.000,2100-01-31 12:00:00.000,,1,0,erp,,,,Non Voucher Product,1,Y,,,,,,
494.0,iPhone 13 mini 128 GB Starlight,,0.0,P,0.0,,,Y,ETD20080,,,device,,,,,,,,,,1.0,,,,,,,,,,,,,,,,,,,,,1.0,2022-07-21 15:58:56.000,,,,,2022-07-21 15:58:56.000,2100-01-31 12:00:00.000,,1,0,erp,,,,Non Voucher Product,1,Y,,,,,,
495.0,iPhone 12 64 GB White,,0.0,P,0.0,,,Y,ETD20114,,,device,,,,,,,,,,1.0,,,,,,,,,,,,,,,,,,,,,1.0,2022-07-21 15:58:58.000,,,,,2022-07-21 15:58:58.000,2100-01-31 12:00:01.000,,1,0,erp,,,,Non Voucher Product,1,Y,,,,,,
496.0,iPhone 12 128 GB Black,,0.0,P,0.0,,,Y,ETD20115,,,device,,,,,,,,,,1.0,,,,,,,,,,,,,,,,,,,,,1.0,2022-07-21 15:58:59.000,,,,,2022-07-21 15:58:59.000,2100-01-31 12:00:01.000,,1,0,erp,,,,Non Voucher Product,1,Y,,,,,,
497.0,iPhone 12 128 GB White,,0.0,P,0.0,,,Y,ETD20116,,,device,,,,,,,,,,1.0,,,,,,,,,,,,,,,,,,,,,1.0,2022-07-21 15:58:59.000,,,,,2022-07-21 15:58:59.000,2100-01-31 12:00:00.000,,1,0,erp,,,,Non Voucher Product,1,Y,,,,,,
498.0,iPhone 11 128 GB Black,,0.0,P,0.0,,,Y,ETD20122,,,device,,,,,,,,,,1.0,,,,,,,,,,,,,,,,,,,,,1.0,2022-07-21 15:59:00.000,,,,,2022-07-21 15:59:00.000,2100-01-31 12:00:00.000,,1,0,erp,,,,Non Voucher Product,1,Y,,,,,,
499.0,iPhone 11 128 GB White,,0.0,P,0.0,,,Y,ETD20123,,,device,,,,,,,,,,1.0,,,,,,,,,,,,,,,,,,,,,1.0,2022-07-21 15:59:02.000,,,,,2022-07-21 15:59:02.000,2100-01-31 12:00:01.000,,1,0,erp,,,,Non Voucher Product,1,Y,,,,,,
500.0,iPhone 11 128 GB Red,,0.0,P,0.0,,,Y,ETD20124,,,device,,,,,,,,,,1.0,,,,,,,,,,,,,,,,,,,,,1.0,2022-07-21 15:59:02.000,,,,,2022-07-21 15:59:02.000,2100-01-31 12:00:00.000,,1,0,erp,,,,Non Voucher Product,1,Y,,,,,,
501.0,iPhone 11 128 GB Yellow,,0.0,P,0.0,,,Y,ETD20125,,,device,,,,,,,,,,1.0,,,,,,,,,,,,,,,,,,,,,1.0,2022-07-21 15:59:03.000,,,,,2022-07-21 15:59:03.000,2100-01-31 12:00:00.000,,1,0,erp,,,,Non Voucher Product,1,Y,,,,,,
502.0,iPhone 11 128 GB Purple,,0.0,P,0.0,,,Y,ETD20126,,,device,,,,,,,,,,1.0,,,,,,,,,,,,,,,,,,,,,1.0,2022-07-21 15:59:04.000,,,,,2022-07-21 15:59:04.000,2100-01-31 12:00:01.000,,1,0,erp,,,,Non Voucher Product,1,Y,,,,,,
503.0,iPhone 13 Pro Max 128 GB Graphite,,0.0,P,0.0,,,Y,ETD20096,,,device,,,,,,,,,,1.0,,,,,,,,,,,,,,,,,,,,,1.0,2022-07-21 15:59:04.000,,,,,2022-07-21 15:59:04.000,2100-01-31 12:00:00.000,,1,0,erp,,,,Non Voucher Product,1,Y,,,,,,
504.0,iPhone 13 Pro Max 128 GB Silver,,0.0,P,0.0,,,Y,ETD20097,,,device,,,,,,,,,,1.0,,,,,,,,,,,,,,,,,,,,,1.0,2022-07-21 15:59:05.000,,,,,2022-07-21 15:59:05.000,2100-01-31 12:00:00.000,,1,0,erp,,,,Non Voucher Product,1,Y,,,,,,
505.0,iPhone 13 Pro Max 128 GB Gold,,0.0,P,0.0,,,Y,ETD20098,,,device,,,,,,,,,,1.0,,,,,,,,,,,,,,,,,,,,,1.0,2022-07-21 15:59:06.000,,,,,2022-07-21 15:59:06.000,2100-01-31 12:00:00.000,,1,0,erp,,,,Non Voucher Product,1,Y,,,,,,
506.0,iPhone 13 Pro Max 128 GB Sierra Blue,,0.0,P,0.0,,,Y,ETD20099,,,device,,,,,,,,,,1.0,,,,,,,,,,,,,,,,,,,,,1.0,2022-07-21 15:59:08.000,,,,,2022-07-21 15:59:08.000,2100-01-31 12:00:01.000,,1,0,erp,,,,Non Voucher Product,1,Y,,,,,,
507.0,iPhone 13 Pro Max 256 GB Graphite,,0.0,P,0.0,,,Y,ETD20100,,,device,,,,,,,,,,1.0,,,,,,,,,,,,,,,,,,,,,1.0,2022-07-21 15:59:08.000,,,,,2022-07-21 15:59:08.000,2100-01-31 12:00:00.000,,1,0,erp,,,,Non Voucher Product,1,Y,,,,,,
508.0,iPhone 13 Pro Max 256 GB Silver,,0.0,P,0.0,,,Y,ETD20101,,,device,,,,,,,,,,1.0,,,,,,,,,,,,,,,,,,,,,1.0,2022-07-21 15:59:09.000,,,,,2022-07-21 15:59:09.000,2100-01-31 12:00:00.000,,1,0,erp,,,,Non Voucher Product,1,Y,,,,,,
509.0,iPhone 13 Pro Max 256 GB Gold,,0.0,P,0.0,,,Y,ETD20102,,,device,,,,,,,,,,1.0,,,,,,,,,,,,,,,,,,,,,1.0,2022-07-21 15:59:10.000,,,,,2022-07-21 15:59:10.000,2100-01-31 12:00:00.000,,1,0,erp,,,,Non Voucher Product,1,Y,,,,,,
510.0,iPhone 13 Pro 256 GB Alpine Green,,0.0,P,0.0,,,Y,ETD20091,,,device,,,,,,,,,,1.0,,,,,,,,,,,,,,,,,,,,,1.0,2022-07-21 15:59:11.000,,,,,2022-07-21 15:59:11.000,2100-01-31 12:00:01.000,,1,0,erp,,,,Non Voucher Product,1,Y,,,,,,
511.0,iPhone 13 Pro 512 GB Graphite,,0.0,P,0.0,,,Y,ETD20092,,,device,,,,,,,,,,1.0,,,,,,,,,,,,,,,,,,,,,1.0,2022-07-21 15:59:12.000,,,,,2022-07-21 15:59:12.000,2100-01-31 12:00:01.000,,1,0,erp,,,,Non Voucher Product,1,Y,,,,,,
512.0,iPhone 13 Pro 512 GB Sierra Blue,,0.0,P,0.0,,,Y,ETD20093,,,device,,,,,,,,,,1.0,,,,,,,,,,,,,,,,,,,,,1.0,2022-07-21 15:59:12.000,,,,,2022-07-21 15:59:12.000,2100-01-31 12:00:00.000,,1,0,erp,,,,Non Voucher Product,1,Y,,,,,,
513.0,iPhone 13 Pro 1 TB Gold,,0.0,P,0.0,,,Y,ETD20094,,,device,,,,,,,,,,1.0,,,,,,,,,,,,,,,,,,,,,1.0,2022-07-21 15:59:13.000,,,,,2022-07-21 15:59:13.000,2100-01-31 12:00:00.000,,1,0,erp,,,,Non Voucher Product,1,Y,,,,,,
514.0,iPhone 13 Pro 1 TB Sierra Blue,,0.0,P,0.0,,,Y,ETD20095,,,device,,,,,,,,,,1.0,,,,,,,,,,,,,,,,,,,,,1.0,2022-07-21 15:59:14.000,,,,,2022-07-21 15:59:14.000,2100-01-31 12:00:00.000,,1,0,erp,,,,Non Voucher Product,1,Y,,,,,,
515.0,iPhone 13 Pro Max 256 GB Sierra Blue,,0.0,P,0.0,,,Y,ETD20103,,,device,,,,,,,,,,1.0,,,,,,,,,,,,,,,,,,,,,1.0,2022-07-21 15:59:15.000,,,,,2022-07-21 15:59:15.000,2100-01-31 12:00:00.000,,1,0,erp,,,,Non Voucher Product,1,Y,,,,,,
516.0,iPhone 13 Pro Max 512 GB Graphite,,0.0,P,0.0,,,Y,ETD20104,,,device,,,,,,,,,,1.0,,,,,,,,,,,,,,,,,,,,,1.0,2022-07-21 15:59:17.000,,,,,2022-07-21 15:59:17.000,2100-01-31 12:00:01.000,,1,0,erp,,,,Non Voucher Product,1,Y,,,,,,
517.0,iPhone 13 Pro Max 512 GB Silver,,0.0,P,0.0,,,Y,ETD20105,,,device,,,,,,,,,,1.0,,,,,,,,,,,,,,,,,,,,,1.0,2022-07-21 15:59:17.000,,,,,2022-07-21 15:59:17.000,2100-01-31 12:00:00.000,,1,0,erp,,,,Non Voucher Product,1,Y,,,,,,
518.0,iPhone 13 Pro 128 GB Graphite,,0.0,P,0.0,,,Y,ETD20082,,,device,,,,,,,,,,1.0,,,,,,,,,,,,,,,,,,,,,1.0,2022-07-21 15:59:18.000,,,,,2022-07-21 15:59:18.000,2100-01-31 12:00:01.000,,1,0,erp,,,,Non Voucher Product,1,Y,,,,,,
519.0,iPhone 13 Pro 128 GB Silver,,0.0,P,0.0,,,Y,ETD20083,,,device,,,,,,,,,,1.0,,,,,,,,,,,,,,,,,,,,,1.0,2022-07-21 15:59:19.000,,,,,2022-07-21 15:59:19.000,2100-01-31 12:00:01.000,,1,0,erp,,,,Non Voucher Product,1,Y,,,,,,
520.0,iPhone 13 Pro 128 GB Gold,,0.0,P,0.0,,,Y,ETD20084,,,device,,,,,,,,,,1.0,,,,,,,,,,,,,,,,,,,,,1.0,2022-07-21 15:59:20.000,,,,,2022-07-21 15:59:20.000,2100-01-31 12:00:01.000,,1,0,erp,,,,Non Voucher Product,1,Y,,,,,,
521.0,iPhone 13 Pro 128 GB Sierra Blue,,0.0,P,0.0,,,Y,ETD20085,,,device,,,,,,,,,,1.0,,,,,,,,,,,,,,,,,,,,,1.0,2022-07-21 15:59:21.000,,,,,2022-07-21 15:59:21.000,2100-01-31 12:00:01.000,,1,0,erp,,,,Non Voucher Product,1,Y,,,,,,
522.0,iPhone 13 Pro 128 GB Alpine Green,,0.0,P,0.0,,,Y,ETD20086,,,device,,,,,,,,,,1.0,,,,,,,,,,,,,,,,,,,,,1.0,2022-07-21 15:59:22.000,,,,,2022-07-21 15:59:22.000,2100-01-31 12:00:01.000,,1,0,erp,,,,Non Voucher Product,1,Y,,,,,,
523.0,iPhone 13 Pro 256 GB Graphite,,0.0,P,0.0,,,Y,ETD20087,,,device,,,,,,,,,,1.0,,,,,,,,,,,,,,,,,,,,,1.0,2022-07-21 15:59:23.000,,,,,2022-07-21 15:59:23.000,2100-01-31 12:00:01.000,,1,0,erp,,,,Non Voucher Product,1,Y,,,,,,
524.0,iPhone 13 Pro 256 GB Silver,,0.0,P,0.0,,,Y,ETD20088,,,device,,,,,,,,,,1.0,,,,,,,,,,,,,,,,,,,,,1.0,2022-07-21 15:59:24.000,,,,,2022-07-21 15:59:24.000,2100-01-31 12:00:01.000,,1,0,erp,,,,Non Voucher Product,1,Y,,,,,,
525.0,iPhone 13 Pro 256 GB Sierra Blue,,0.0,P,0.0,,,Y,ETD20090,,,device,,,,,,,,,,1.0,,,,,,,,,,,,,,,,,,,,,1.0,2022-07-21 15:59:25.000,,,,,2022-07-21 15:59:25.000,2100-01-31 12:00:01.000,,1,0,erp,,,,Non Voucher Product,1,Y,,,,,,
526.0,iPhone 11 64 GB Black,,0.0,P,0.0,,,Y,ETD20117,,,device,,,,,,,,,,1.0,,,,,,,,,,,,,,,,,,,,,1.0,2022-07-21 15:59:26.000,,,,,2022-07-21 15:59:26.000,2100-01-31 12:00:01.000,,1,0,erp,,,,Non Voucher Product,1,Y,,,,,,
527.0,iPhone 11 64 GB White,,0.0,P,0.0,,,Y,ETD20118,,,device,,,,,,,,,,1.0,,,,,,,,,,,,,,,,,,,,,1.0,2022-07-21 15:59:26.000,,,,,2022-07-21 15:59:26.000,2100-01-31 12:00:00.000,,1,0,erp,,,,Non Voucher Product,1,Y,,,,,,
528.0,iPhone 11 64 GB Yellow,,0.0,P,0.0,,,Y,ETD20119,,,device,,,,,,,,,,1.0,,,,,,,,,,,,,,,,,,,,,1.0,2022-07-21 15:59:27.000,,,,,2022-07-21 15:59:27.000,2100-01-31 12:00:00.000,,1,0,erp,,,,Non Voucher Product,1,Y,,,,,,
529.0,iPhone 11 64 GB Purple,,0.0,P,0.0,,,Y,ETD20120,,,device,,,,,,,,,,1.0,,,,,,,,,,,,,,,,,,,,,1.0,2022-07-21 15:59:28.000,,,,,2022-07-21 15:59:28.000,2100-01-31 12:00:00.000,,1,0,erp,,,,Non Voucher Product,1,Y,,,,,,
530.0,iPhone 11 64 GB Green,,0.0,P,0.0,,,Y,ETD20121,,,device,,,,,,,,,,1.0,,,,,,,,,,,,,,,,,,,,,1.0,2022-07-21 15:59:30.000,,,,,2022-07-21 15:59:30.000,2100-01-31 12:00:01.000,,1,0,erp,,,,Non Voucher Product,1,Y,,,,,,
531.0,iPhone 13 mini 128 GB Blue,,0.0,P,0.0,,,Y,ETD20081,,,device,,,,,,,,,,1.0,,,,,,,,,,,,,,,,,,,,,1.0,2022-07-21 15:59:30.000,,,,,2022-07-21 15:59:30.000,2100-01-31 12:00:00.000,,1,0,erp,,,,Non Voucher Product,1,Y,,,,,,
532.0,iPhone 13 128 GB Starlight,,0.0,P,0.0,,,Y,ETD20069,,,device,,,,,,,,,,1.0,,,,,,,,,,,,,,,,,,,,,1.0,2022-07-21 15:59:31.000,,,,,2022-07-21 15:59:31.000,2100-01-31 12:00:00.000,,1,0,erp,,,,Non Voucher Product,1,Y,,,,,,
533.0,iPhone 13 128 GB Red,,0.0,P,0.0,,,Y,ETD20070,,,device,,,,,,,,,,1.0,,,,,,,,,,,,,,,,,,,,,1.0,2022-07-21 15:59:32.000,,,,,2022-07-21 15:59:32.000,2100-01-31 12:00:01.000,,1,0,erp,,,,Non Voucher Product,1,Y,,,,,,
534.0,iPhone 13 128 GB Blue,,0.0,P,0.0,,,Y,ETD20071,,,device,,,,,,,,,,1.0,,,,,,,,,,,,,,,,,,,,,1.0,2022-07-21 15:59:33.000,,,,,2022-07-21 15:59:33.000,2100-01-31 12:00:01.000,,1,0,erp,,,,Non Voucher Product,1,Y,,,,,,
535.0,iPhone 13 128 GB Pink,,0.0,P,0.0,,,Y,ETD20072,,,device,,,,,,,,,,1.0,,,,,,,,,,,,,,,,,,,,,1.0,2022-07-21 15:59:33.000,,,,,2022-07-21 15:59:33.000,2100-01-31 12:00:00.000,,1,0,erp,,,,Non Voucher Product,1,Y,,,,,,
536.0,iPhone 13 128 GB Green,,0.0,P,0.0,,,Y,ETD20073,,,device,,,,,,,,,,1.0,,,,,,,,,,,,,,,,,,,,,1.0,2022-07-21 15:59:34.000,,,,,2022-07-21 15:59:34.000,2100-01-31 12:00:00.000,,1,0,erp,,,,Non Voucher Product,1,Y,,,,,,
537.0,iPhone 13 Pro Max 512 GB Gold,,0.0,P,0.0,,,Y,ETD20106,,,device,,,,,,,,,,1.0,,,,,,,,,,,,,,,,,,,,,1.0,2022-07-21 15:59:35.000,,,,,2022-07-21 15:59:35.000,2100-01-31 12:00:01.000,,1,0,erp,,,,Non Voucher Product,1,Y,,,,,,
538.0,iPhone 13 Pro Max 512 GB Sierra Blue,,0.0,P,0.0,,,Y,ETD20107,,,device,,,,,,,,,,1.0,,,,,,,,,,,,,,,,,,,,,1.0,2022-07-21 15:59:36.000,,,,,2022-07-21 15:59:36.000,2100-01-31 12:00:01.000,,1,0,erp,,,,Non Voucher Product,1,Y,,,,,,
539.0,iPhone 13 Pro Max 512 GB Alpine Green,,0.0,P,0.0,,,Y,ETD20108,,,device,,,,,,,,,,1.0,,,,,,,,,,,,,,,,,,,,,1.0,2022-07-21 15:59:37.000,,,,,2022-07-21 15:59:37.000,2100-01-31 12:00:01.000,,1,0,erp,,,,Non Voucher Product,1,Y,,,,,,
540.0,iPhone 13 Pro Max 1 TB Graphite,,0.0,P,0.0,,,Y,ETD20109,,,device,,,,,,,,,,1.0,,,,,,,,,,,,,,,,,,,,,1.0,2022-07-21 15:59:37.000,,,,,2022-07-21 15:59:37.000,2100-01-31 12:00:00.000,,1,0,erp,,,,Non Voucher Product,1,Y,,,,,,
541.0,iPhone 11 128 GB Green,,0.0,P,0.0,,,Y,ETD20127,,,device,,,,,,,,,,1.0,,,,,,,,,,,,,,,,,,,,,1.0,2022-07-22 11:20:51.000,,,,,2022-07-22 11:20:51.000,2100-01-31 00:00:00.000,,1,0,erp,,,,Non Voucher Product,1,Y,,,,,,
542.0,iPhone SE 64 GB Midnight,,0.0,P,0.0,,,Y,ETD20128,,,device,,,,,,,,,,1.0,,,,,,,,,,,,,,,,,,,,,1.0,2022-07-22 11:20:54.000,,,,,2022-07-22 11:20:54.000,2100-01-31 00:00:01.000,,1,0,erp,,,,Non Voucher Product,1,Y,,,,,,
543.0,iPhone SE 64 GB Red,,0.0,P,0.0,,,Y,ETD20130,,,device,,,,,,,,,,1.0,,,,,,,,,,,,,,,,,,,,,1.0,2022-07-22 12:20:51.000,,,,,2022-07-22 12:20:51.000,2100-01-31 12:00:00.000,,1,0,erp,,,,Non Voucher Product,1,Y,,,,,,
544.0,iPhone SE 128 GB Midnight,,0.0,P,0.0,,,Y,ETD20131,,,device,,,,,,,,,,1.0,,,,,,,,,,,,,,,,,,,,,1.0,2022-07-22 12:20:54.000,,,,,2022-07-22 12:20:54.000,2100-01-31 12:00:01.000,,1,0,erp,,,,Non Voucher Product,1,Y,,,,,,
545.0,iPhone SE 128 GB Starlight,,0.0,P,0.0,,,Y,ETD20132,,,device,,,,,,,,,,1.0,,,,,,,,,,,,,,,,,,,,,1.0,2022-07-22 12:20:55.000,,,,,2022-07-22 12:20:55.000,2100-01-31 12:00:01.000,,1,0,erp,,,,Non Voucher Product,1,Y,,,,,,
546.0,iPhone SE 64 GB Starlight,,0.0,P,0.0,,,Y,ETD20129,,,device,,,,,,,,,,1.0,,,,,,,,,,,,,,,,,,,,,1.0,2022-07-22 12:20:55.000,,,,,2022-07-22 12:20:55.000,2100-01-31 12:00:00.000,,1,0,erp,,,,Non Voucher Product,1,Y,,,,,,
547.0,iPhone SE 128 GB Red,,0.0,P,0.0,,,Y,ETD20133,,,device,,,,,,,,,,1.0,,,,,,,,,,,,,,,,,,,,,1.0,2022-07-22 13:20:51.000,,,,,2022-07-22 13:20:51.000,2100-01-31 12:00:00.000,,1,0,erp,,,,Non Voucher Product,1,Y,,,,,,
548.0,iPhone SE 256 GB Midnight,,0.0,P,0.0,,,Y,ETD20134,,,device,,,,,,,,,,1.0,,,,,,,,,,,,,,,,,,,,,1.0,2022-07-22 13:20:54.000,,,,,2022-07-22 13:20:54.000,2100-01-31 12:00:01.000,,1,0,erp,,,,Non Voucher Product,1,Y,,,,,,
549.0,iPhone SE 256 GB Starlight,,0.0,P,0.0,,,Y,ETD20135,,,device,,,,,,,,,,1.0,,,,,,,,,,,,,,,,,,,,,1.0,2022-07-22 13:20:54.000,,,,,2022-07-22 13:20:54.000,2100-01-31 12:00:00.000,,1,0,erp,,,,Non Voucher Product,1,Y,,,,,,
550.0,iPhone SE 256 GB Red,,3245.0,P,0.0,,,Y,ETD20136,,,device,,,,13.0,,,,,,1.0,,,,,,,,,,,,,,,,,,,,,1.0,2022-07-22 13:20:55.000,,2023-02-02 15:04:31.000,,,2022-07-22 00:00:00.000,2100-01-31 00:00:00.000,,,,erp,,,,Non Voucher Product,1,Y,er,"","",,,
551.0,"4096 MB",1.0,,L,0.0,0.0,0.0,N,"286",,,crm,,,,,,,,,,1.0,,,,,,,,,,,,,,,,,,,,,,2022-07-28 17:09:09.000,,,,,2022-07-28 02:00:00.000,2122-07-28 02:00:00.000,,,,lwork,,,,,,,,,,,,
552.0,"35 MB",1.0,,L,0.0,0.0,0.0,N,"276",,,crm,,,,,,,,,,1.0,,,,,,,,,,,,,,,,,,,,,,2022-07-29 08:39:52.000,,,,,2022-07-29 02:00:00.000,2122-07-29 02:00:00.000,,,,jokafor,,,,,,,,,,,,
553.0,"1250Min 5120MB 50sms",1.0,,L,0.0,0.0,0.0,N,"309",,,crm,,,,,,,,,,1.0,,,,,,,,,,,,,,,,,,,,,,2022-07-29 09:12:41.000,,,,,2022-07-29 02:00:00.000,2122-07-29 02:00:00.000,,,,lwork,,,,,,,,,,,,
554.0,"375Min 2048MB",1.0,,L,0.0,0.0,0.0,N,"308",,,crm,,,,,,,,,,1.0,,,,,,,,,,,,,,,,,,,,,,2022-07-29 09:15:54.000,,,,,2022-07-29 02:00:00.000,2122-07-29 02:00:00.000,,,,lwork,,,,,,,,,,,,
555.0,"75 MB",1.0,,L,0.0,0.0,0.0,N,"277",,,crm,,,,,,,,,,1.0,,,,,,,,,,,,,,,,,,,,,,2022-08-09 16:24:35.000,,,,,2022-08-09 02:00:00.000,2122-08-09 02:00:00.000,,,,pagure1,,,,,,,,,,,,
556.0,This is mikos,1.0,200.0,L,0.0,,,N,SSSS,,,discounts,,,,24.0,,,,,,2.0,,,,,,,,,,,,,,,,,,,,,,2022-08-17 10:30:10.000,,2023-02-02 15:11:08.000,,,2022-08-31 00:00:00.000,2099-12-01 00:00:00.000,,,,aadmin,,,,Non Voucher Product,20,Y,red,"100","",,,
557.0,"300 MB",1.0,,L,0.0,0.0,0.0,N,"434",,,crm,,,,,,,,,,,,,,,,,,,,,,,,,,,,,,,,2022-11-23 11:30:05.000,,,,,2022-11-23 00:00:00.000,2122-11-23 00:00:00.000,,,,atadesse,,,,,,,,,,,,
558.0,WELCOME_MONTHLY_500MB_50MIN_50SMS,1.0,,L,0.0,0.0,0.0,N,"392",,,crm,,,,,,,,,,,,,,,,,,,,,,,,,,,,,,,,2022-11-25 16:17:08.000,,,,,2022-11-25 00:00:00.000,2122-11-25 00:00:00.000,,,,ydsa,,,,,,,,,,,,
559.0,"50 SMS",1.0,,L,0.0,0.0,0.0,N,"438",,,crm,,,,,,,,,,,,,,,,,,,,,,,,,,,,,,,,2022-11-30 15:19:11.000,,,,,2022-11-30 00:00:00.000,2122-11-30 00:00:00.000,,,,sshopuser1,,,,,,,,,,,,
560.0,"35 GB",1.0,,L,0.0,0.0,0.0,N,"500",,,crm,,,,,,,,,,,,,,,,,,,,,,,,,,,,,,,,2022-11-30 15:19:53.000,,,,,2022-11-30 00:00:00.000,2122-11-30 00:00:00.000,,,,sshopuser1,,,,,,,,,,,,
561.0,"60 MB",1.0,,L,0.0,0.0,0.0,N,"432",,,crm,,,,,,,,,,,,,,,,,,,,,,,,,,,,,,,,2022-11-30 15:33:26.000,,,,,2022-11-30 00:00:00.000,2122-11-30 00:00:00.000,,,,qretailer1,,,,,,,,,,,,
562.0,"120 MB",1.0,,L,0.0,0.0,0.0,N,"433",,,crm,,,,,,,,,,,,,,,,,,,,,,,,,,,,,,,,2022-11-30 15:36:58.000,,,,,2022-11-30 00:00:00.000,2122-11-30 00:00:00.000,,,,qretailerb,,,,,,,,,,,,
563.0,"15 Mins + 5MB",1.0,,L,0.0,0.0,0.0,N,"427",,,crm,,,,,,,,,,,,,,,,,,,,,,,,,,,,,,,,2022-11-30 15:40:38.000,,,,,2022-11-30 00:00:00.000,2122-11-30 00:00:00.000,,,,qretailerb,,,,,,,,,,,,
564.0,"1GB",1.0,,L,0.0,0.0,0.0,N,"435",,,crm,,,,,,,,,,,,,,,,,,,,,,,,,,,,,,,,2022-12-02 11:01:19.000,,,,,2022-12-02 00:00:00.000,2122-12-02 00:00:00.000,,,,qretailerb,,,,,,,,,,,,
565.0,"250 MB Facebook",1.0,,L,0.0,0.0,0.0,N,"528",,,crm,,,,,,,,,,,,,,,,,,,,,,,,,,,,,,,,2022-12-06 21:57:10.000,,,,,2022-12-06 00:00:00.000,2122-12-06 00:00:00.000,,,,qretailerb,,,,,,,,,,,,
566.0,"25 Mins + 10MB",1.0,,L,0.0,0.0,0.0,N,"428",,,crm,,,,,,,,,,,,,,,,,,,,,,,,,,,,,,,,2022-12-09 12:03:29.000,,,,,2022-12-09 00:00:00.000,2122-12-09 00:00:00.000,,,,qretailerb,,,,,,,,,,,,
567.0,"2GB",1.0,,L,0.0,0.0,0.0,N,"490",,,crm,,,,,,,,,,,,,,,,,,,,,,,,,,,,,,,,2022-12-09 12:04:49.000,,,,,2022-12-09 00:00:00.000,2122-12-09 00:00:00.000,,,,qretailerb,,,,,,,,,,,,
568.0,"400 Mins + 100MB",1.0,,L,0.0,0.0,0.0,N,"430",,,crm,,,,,,,,,,,,,,,,,,,,,,,,,,,,,,,,2022-12-09 12:11:11.000,,,,,2022-12-09 00:00:00.000,2122-12-09 00:00:00.000,,,,qretailerb,,,,,,,,,,,,
569.0,"6GB",1.0,,L,0.0,0.0,0.0,N,"436",,,crm,,,,,,,,,,,,,,,,,,,,,,,,,,,,,,,,2022-12-09 22:10:55.000,,,,,2022-12-09 00:00:00.000,2122-12-09 00:00:00.000,,,,qretailerb,,,,,,,,,,,,
570.0,"120 SMS",1.0,,L,0.0,0.0,0.0,N,"439",,,crm,,,,,,,,,,,,,,,,,,,,,,,,,,,,,,,,2022-12-10 14:03:40.000,,,,,2022-12-10 00:00:00.000,2122-12-10 00:00:00.000,,,,qretailerb,,,,,,,,,,,,
571.0,"60 mins",1.0,,L,0.0,0.0,0.0,N,"460",,,crm,,,,,,,,,,,,,,,,,,,,,,,,,,,,,,,,2022-12-14 14:50:04.000,,,,,2022-12-14 00:00:00.000,2122-12-14 00:00:00.000,,,,tkgasoane,,,,,,,,,,,,
572.0,"100 GB",1.0,,L,0.0,0.0,0.0,N,"523",,,crm,,,,,,,,,,,,,,,,,,,,,,,,,,,,,,,,2022-12-14 14:51:12.000,,,,,2022-12-14 00:00:00.000,2122-12-14 00:00:00.000,,,,tkgasoane,,,,,,,,,,,,
573.0,"1.2 GB",1.0,,L,0.0,0.0,0.0,N,"467",,,crm,,,,,,,,,,,,,,,,,,,,,,,,,,,,,,,,2022-12-19 15:04:17.000,,,,,2022-12-19 00:00:00.000,2122-12-19 00:00:00.000,,,,qretailerb,,,,,,,,,,,,
574.0,"150 MB",1.0,,L,0.0,0.0,0.0,N,"631",,,crm,,,,,,,,,,,,,,,,,,,,,,,,,,,,,,,,2022-12-20 06:35:41.000,,,,,2022-12-20 00:00:00.000,2122-12-20 00:00:00.000,,,,qshopuser,,,,,,,,,,,,
575.0,"400 MB",1.0,,L,0.0,0.0,0.0,N,"632",,,crm,,,,,,,,,,,,,,,,,,,,,,,,,,,,,,,,2022-12-20 07:04:53.000,,,,,2022-12-20 00:00:00.000,2122-12-20 00:00:00.000,,,,qshopuser,,,,,,,,,,,,
576.0,"35 GB",1.0,,L,0.0,0.0,0.0,N,"571",,,crm,,,,,,,,,,,,,,,,,,,,,,,,,,,,,,,,2023-01-11 10:16:14.000,,,,,2023-01-11 00:00:00.000,2123-01-11 00:00:00.000,,,,qshopuser,,,,,,,,,,,,
577.0,"1 GB",1.0,,L,0.0,0.0,0.0,N,"633",,,crm,,,,,,,,,,,,,,,,,,,,,,,,,,,,,,,,2023-01-12 09:53:13.000,,,,,2023-01-12 00:00:00.000,2123-01-12 00:00:00.000,,,,qsales,,,,,,,,,,,,
578.0,"185 Mins + 50MB",1.0,,L,0.0,0.0,0.0,N,"492",,,crm,,,,,,,,,,,,,,,,,,,,,,,,,,,,,,,,2023-01-16 15:06:22.000,,,,,2023-01-16 00:00:00.000,2123-01-16 00:00:00.000,,,,qshopuser,,,,,,,,,,,,
579.0,Sim x,1.0,25.0,P,2.0,0.0,0.0,Y,SIMX,,,sim,,,,48.0,,,,,,,,,,,,,,,,,,,,,,,,,,,,2023-01-26 14:44:00.000,,,,,2023-01-26 00:00:00.000,2099-12-31 00:00:00.000,,,,aadmin,,,,Non Voucher Product,,N,Green,"",,,,
580.0,fhgjh,1.0,56.0,P,39.0,0.0,0.0,N,HVJBN,,,accessories,,,,196.0,,,,,,,,,,,,,,,,,,,,,,,,,,,,2023-02-01 12:58:08.000,,,,,2023-02-01 00:00:00.000,2099-12-31 00:00:00.000,,,,aadmin,,,,Non Voucher Product,,Y,fhgj,"",,,,
581.0,"100 GB",1.0,,L,0.0,0.0,0.0,N,"572",,,crm,,,,,,,,,,,,,,,,,,,,,,,,,,,,,,,,2023-02-02 10:51:34.000,,,,,2023-02-02 00:00:00.000,2123-02-02 00:00:00.000,,,,qshopuser,,,,,,,,,,,,
582.0,Safaricom Ethiopia Golden Number,1.0,0.0,P,0.0,,,N,ETQ00003,,,special numbers,,,,,,,,,,,,,,,,,,,,,,,,,,,,,,,1.0,2025-01-29 15:59:08.000,,,,,2025-01-29 15:59:08.000,2099-12-31 12:00:01.000,,1,0,erp,,,,Non Voucher Product,1,Y,,,,,,
583.0,Safaricom Ethiopia Platinum Number,1.0,0.0,P,0.0,,,N,ETQ00002,,,sim,,,,,,,,,,,,,,,,,,,,,,,,,,,,,,,1.0,2025-01-29 15:59:08.000,,,,,2025-01-29 15:59:08.000,2099-12-31 12:00:01.000,,1,0,erp,,,,Non Voucher Product,1,Y,,,,,,
584.0,Safaricom Ethiopia Onyx Number,1.0,0.0,P,0.0,,,N,ETQ00001,,,sim,,,,,,,,,,,,,,,,,,,,,,,,,,,,,,,1.0,2025-01-29 15:59:08.000,,,,,2025-01-29 15:59:08.000,2099-12-31 12:00:01.000,,1,0,erp,,,,Non Voucher Product,1,Y,,,,,,
585.0,"100 GB",1.0,,L,0.0,0.0,0.0,N,"499",,,crm,,,,,,,,,,,,,,,,,,,,,,,,,,,,,,,,2023-03-08 12:05:19.000,,,,,2023-03-08 00:00:00.000,2123-03-08 00:00:00.000,,,,qshopuser,,,,,,,,,,,,
586.0,"1500 SMS",1.0,,L,0.0,0.0,0.0,N,"442",,,crm,,,,,,,,,,,,,,,,,,,,,,,,,,,,,,,,2023-03-13 16:53:06.000,,,,,2023-03-13 00:00:00.000,2123-03-13 00:00:00.000,,,,qshopuser,,,,,,,,,,,,
587.0,"200 MB",1.0,,L,0.0,0.0,0.0,N,"740",,,crm,,,,,,,,,,,,,,,,,,,,,,,,,,,,,,,,2023-03-21 14:44:31.000,,,,,2023-03-21 00:00:00.000,2123-03-21 00:00:00.000,,,,qshopuser,,,,,,,,,,,,
588.0,"15GB",1.0,,L,0.0,0.0,0.0,N,"437",,,crm,,,,,,,,,,,,,,,,,,,,,,,,,,,,,,,,2023-03-22 11:36:00.000,,,,,2023-03-22 00:00:00.000,2123-03-22 00:00:00.000,,,,qsales,,,,,,,,,,,,
589.0,"35 GB 4G WiFi",1.0,,L,0.0,0.0,0.0,N,"418",,,crm,,,,,,,,,,,,,,,,,,,,,,,,,,,,,,,,2023-04-24 21:52:58.000,,,,,2023-04-24 00:00:00.000,2123-04-24 00:00:00.000,,,,atadesse,,,,,,,,,,,,
590.0,M-PESA_Besh Airtime,1.0,,L,0.0,0.0,0.0,N,"804",,,crm,,,,,,,,,,,,,,,,,,,,,,,,,,,,,,,,2023-05-10 09:29:04.000,,,,,2023-05-10 00:00:00.000,2123-05-10 00:00:00.000,,,,susers,,,,,,,,,,,,
591.0,Hourly Unlimited Data + Onnet Minutes,1.0,,L,0.0,0.0,0.0,N,"799",,,crm,,,,,,,,,,,,,,,,,,,,,,,,,,,,,,,,2023-05-10 09:34:19.000,,,,,2023-05-10 00:00:00.000,2123-05-10 00:00:00.000,,,,susers,,,,,,,,,,,,
592.0,"1000 Mins + 200MB",1.0,,L,0.0,0.0,0.0,N,"431",,,crm,,,,,,,,,,,,,,,,,,,,,,,,,,,,,,,,2023-05-14 09:54:54.000,,,,,2023-05-14 00:00:00.000,2123-05-14 00:00:00.000,,,,qsales,,,,,,,,,,,,
593.0,"4.8 GB",1.0,,L,0.0,0.0,0.0,N,"469",,,crm,,,,,,,,,,,,,,,,,,,,,,,,,,,,,,,,2023-05-19 14:59:15.000,,,,,2023-05-19 00:00:00.000,2123-05-19 00:00:00.000,,,,qshopuser,,,,,,,,,,,,
594.0,"20GB 4G Business Internet Welcome Offer",1.0,,L,0.0,0.0,0.0,N,"801",,,crm,,,,,,,,,,,,,,,,,,,,,,,,,,,,,,,,2023-05-23 11:57:57.000,,,,,2023-05-23 00:00:00.000,2123-05-23 00:00:00.000,,,,pagure1,,,,,,,,,,,,
595.0,"200GB",1.0,,L,0.0,0.0,0.0,N,"593",,,crm,,,,,,,,,,,,,,,,,,,,,,,,,,,,,,,,2023-05-23 12:05:22.000,,,,,2023-05-23 00:00:00.000,2123-05-23 00:00:00.000,,,,atadesse,,,,,,,,,,,,
596.0,"40 SMS",1.0,,L,0.0,0.0,0.0,N,"850",,,crm,,,,,,,,,,,,,,,,,,,,,,,,,,,,,,,,2023-05-23 16:09:14.000,,,,,2023-05-23 00:00:00.000,2123-05-23 00:00:00.000,,,,qshopuser,,,,,,,,,,,,
597.0,pravallika user,1.0,200.0,L,0.0,,,N,USER,,,discounts,,,,136.0,,,,,,2.0,,,,,,,,,,,,,,,,,,,,,,2023-05-24 20:07:18.000,,2025-09-15 18:19:13.000,,,2023-05-24 00:00:00.000,2099-12-31 00:00:00.000,,,,aadmin,,,,NON VOUCHER PRODUCT,,Y,"","","",,,
598.0,"2000 mins +Free 1000mins",1.0,,L,0.0,0.0,0.0,N,"466",,,crm,,,,,,,,,,,,,,,,,,,,,,,,,,,,,,,,2023-05-25 17:11:06.000,,,,,2023-05-25 00:00:00.000,2123-05-25 00:00:00.000,,,,qshopuser,,,,,,,,,,,,
599.0,"500GB",1.0,,L,0.0,0.0,0.0,N,"594",,,crm,,,,,,,,,,,,,,,,,,,,,,,,,,,,,,,,2023-05-26 08:52:12.000,,,,,2023-05-26 00:00:00.000,2123-05-26 00:00:00.000,,,,qshopuser,,,,,,,,,,,,
600.0,"2.4 GB",1.0,,L,0.0,0.0,0.0,N,"468",,,crm,,,,,,,,,,,,,,,,,,,,,,,,,,,,,,,,2023-05-26 08:52:25.000,,,,,2023-05-26 00:00:00.000,2123-05-26 00:00:00.000,,,,qshopuser,,,,,,,,,,,,
601.0,"10 SMS",1.0,,L,0.0,0.0,0.0,N,"849",,,crm,,,,,,,,,,,,,,,,,,,,,,,,,,,,,,,,2023-05-30 14:09:16.000,,,,,2023-05-30 00:00:00.000,2123-05-30 00:00:00.000,,,,qshopuser,,,,,,,,,,,,
602.0,"60 SMS",1.0,,L,0.0,0.0,0.0,N,"851",,,crm,,,,,,,,,,,,,,,,,,,,,,,,,,,,,,,,2023-05-30 14:13:32.000,,,,,2023-05-30 00:00:00.000,2123-05-30 00:00:00.000,,,,qshopuser,,,,,,,,,,,,
603.0,"130 SMS",1.0,,L,0.0,0.0,0.0,N,"852",,,crm,,,,,,,,,,,,,,,,,,,,,,,,,,,,,,,,2023-05-30 14:26:50.000,,,,,2023-05-30 00:00:00.000,2123-05-30 00:00:00.000,,,,qshopuser,,,,,,,,,,,,
604.0,"200 SMS",1.0,,L,0.0,0.0,0.0,N,"853",,,crm,,,,,,,,,,,,,,,,,,,,,,,,,,,,,,,,2023-05-30 14:33:47.000,,,,,2023-05-30 00:00:00.000,2123-05-30 00:00:00.000,,,,qshopuser,,,,,,,,,,,,
605.0,"1500 SMS",1.0,,L,0.0,0.0,0.0,N,"855",,,crm,,,,,,,,,,,,,,,,,,,,,,,,,,,,,,,,2023-06-01 10:53:45.000,,,,,2023-06-01 00:00:00.000,2123-06-01 00:00:00.000,,,,qshopuser,,,,,,,,,,,,
606.0,"800 SMS",1.0,,L,0.0,0.0,0.0,N,"854",,,crm,,,,,,,,,,,,,,,,,,,,,,,,,,,,,,,,2023-06-01 21:56:38.000,,,,,2023-06-01 00:00:00.000,2123-06-01 00:00:00.000,,,,qshopuser,,,,,,,,,,,,
607.0,"100 GB 4G Wi Fi",1.0,,L,0.0,0.0,0.0,N,"419",,,crm,,,,,,,,,,,,,,,,,,,,,,,,,,,,,,,,2023-06-06 16:32:20.000,,,,,2023-06-06 00:00:00.000,2123-06-06 00:00:00.000,,,,qshopuser,,,,,,,,,,,,
608.0,"500 GB",1.0,,L,0.0,0.0,0.0,N,"912",,,crm,,,,,,,,,,,,,,,,,,,,,,,,,,,,,,,,2023-06-07 09:14:42.000,,,,,2023-06-07 00:00:00.000,2123-06-07 00:00:00.000,,,,qshopuser,,,,,,,,,,,,
609.0,"200 GB",1.0,,L,0.0,0.0,0.0,N,"911",,,crm,,,,,,,,,,,,,,,,,,,,,,,,,,,,,,,,2023-06-07 14:16:36.000,,,,,2023-06-07 00:00:00.000,2123-06-07 00:00:00.000,,,,atadesse,,,,,,,,,,,,
610.0,testinventory,,150.0,L,0.0,,,Y,PAY00001,,,payment,,,,,,,,,,,,,,,,,,,,,,,,,,,,,,,1.0,2025-11-03 16:20:51.000,,,,,2025-11-03 16:20:51.000,2099-12-31 12:00:00.000,,1,0,erp,,,,Non Voucher Product,1,N,,,,,,
611.0,"200 GB + 2000 All net + Unlimited Onnet Call & SMS",1.0,,L,0.0,0.0,0.0,N,"898",,,crm,,,,,,,,,,,,,,,,,,,,,,,,,,,,,,,,2023-06-16 10:18:40.000,,,,,2023-06-16 00:00:00.000,2123-06-16 00:00:00.000,,,,atadesse,,,,,,,,,,,,
612.0,"600 GB + 5000 All net + Unlimited Onnet Call & SMS",1.0,,L,0.0,0.0,0.0,N,"900",,,crm,,,,,,,,,,,,,,,,,,,,,,,,,,,,,,,,2023-06-16 10:20:06.000,,,,,2023-06-16 00:00:00.000,2123-06-16 00:00:00.000,,,,atadesse,,,,,,,,,,,,
613.0,"500 GB",1.0,,L,0.0,0.0,0.0,N,"899",,,crm,,,,,,,,,,,,,,,,,,,,,,,,,,,,,,,,2023-06-16 10:26:12.000,,,,,2023-06-16 00:00:00.000,2123-06-16 00:00:00.000,,,,atadesse,,,,,,,,,,,,
614.0,BULKTEST_COMBO_PLAN_1,1.0,,L,0.0,0.0,0.0,N,"872",,,crm,,,,,,,,,,,,,,,,,,,,,,,,,,,,,,,,2023-06-16 10:35:35.000,,,,,2023-06-16 00:00:00.000,2123-06-16 00:00:00.000,,,,atadesse,,,,,,,,,,,,
615.0,"130 Mins + 100 MB",1.0,,L,0.0,0.0,0.0,N,"835",,,crm,,,,,,,,,,,,,,,,,,,,,,,,,,,,,,,,2023-06-16 10:38:25.000,,,,,2023-06-16 00:00:00.000,2123-06-16 00:00:00.000,,,,atadesse,,,,,,,,,,,,
616.0,"200 GB",1.0,,L,0.0,0.0,0.0,N,"897",,,crm,,,,,,,,,,,,,,,,,,,,,,,,,,,,,,,,2023-06-16 15:24:42.000,,,,,2023-06-16 00:00:00.000,2123-06-16 00:00:00.000,,,,atadesse,,,,,,,,,,,,
617.0,"400 MB",1.0,,L,0.0,0.0,0.0,N,"889",,,crm,,,,,,,,,,,,,,,,,,,,,,,,,,,,,,,,2023-06-19 09:11:13.000,,,,,2023-06-19 00:00:00.000,2123-06-19 00:00:00.000,,,,aahmed,,,,,,,,,,,,
618.0,"100 GB",1.0,,L,0.0,0.0,0.0,N,"917",,,crm,,,,,,,,,,,,,,,,,,,,,,,,,,,,,,,,2023-06-19 09:24:04.000,,,,,2023-06-19 00:00:00.000,2123-06-19 00:00:00.000,,,,atadesse,,,,,,,,,,,,
619.0,"12 GB",1.0,,L,0.0,0.0,0.0,N,"470",,,crm,,,,,,,,,,,,,,,,,,,,,,,,,,,,,,,,2023-06-19 16:22:08.000,,,,,2023-06-19 00:00:00.000,2123-06-19 00:00:00.000,,,,aahmed,,,,,,,,,,,,
620.0,"100 GB",1.0,,L,0.0,0.0,0.0,N,"918",,,crm,,,,,,,,,,,,,,,,,,,,,,,,,,,,,,,,2023-06-19 16:24:04.000,,,,,2023-06-19 00:00:00.000,2123-06-19 00:00:00.000,,,,atadesse,,,,,,,,,,,,
621.0,"20 Mins",1.0,,L,0.0,0.0,0.0,N,"831",,,crm,,,,,,,,,,,,,,,,,,,,,,,,,,,,,,,,2023-06-19 16:25:26.000,,,,,2023-06-19 00:00:00.000,2123-06-19 00:00:00.000,,,,atadesse,,,,,,,,,,,,
622.0,"35 GB",1.0,,L,0.0,0.0,0.0,N,"472",,,crm,,,,,,,,,,,,,,,,,,,,,,,,,,,,,,,,2023-06-20 09:21:29.000,,,,,2023-06-20 00:00:00.000,2123-06-20 00:00:00.000,,,,qshopuser,,,,,,,,,,,,
623.0,"12 Mins",1.0,,L,0.0,0.0,0.0,N,"830",,,crm,,,,,,,,,,,,,,,,,,,,,,,,,,,,,,,,2023-06-26 21:15:41.000,,,,,2023-06-26 00:00:00.000,2123-06-26 00:00:00.000,,,,pagure1,,,,,,,,,,,,
624.0,"15 GB data bundling",1.0,,L,0.0,0.0,0.0,N,"784987",,,crm,,,,,,,,,,,,,,,,,,,,,,,,,,,,,,,,2023-06-28 14:20:21.000,,,,,2023-06-27 14:20:21.000,2123-06-27 14:20:21.000,,,,aadmin,,,,,,,,,,,,
625.0,"100 Mins + 75 MB ",1.0,,L,0.0,0.0,0.0,N,"834",,,crm,,,,,,,,,,,,,,,,,,,,,,,,,,,,,,,,2023-06-29 09:55:47.000,,,,,2023-06-29 00:00:00.000,2123-06-29 00:00:00.000,,,,atadesse,,,,,,,,,,,,
626.0,"400 Mins + 1 GB",1.0,,L,0.0,0.0,0.0,N,"838",,,crm,,,,,,,,,,,,,,,,,,,,,,,,,,,,,,,,2023-06-29 10:11:02.000,,,,,2023-06-29 00:00:00.000,2123-06-29 00:00:00.000,,,,qshopuser,,,,,,,,,,,,
627.0,"200 Mins +500 MB",1.0,,L,0.0,0.0,0.0,N,"837",,,crm,,,,,,,,,,,,,,,,,,,,,,,,,,,,,,,,2023-06-29 10:14:53.000,,,,,2023-06-29 00:00:00.000,2123-06-29 00:00:00.000,,,,atadesse,,,,,,,,,,,,
628.0,"500 MB",1.0,,L,0.0,0.0,0.0,N,"767",,,crm,,,,,,,,,,,,,,,,,,,,,,,,,,,,,,,,2023-06-30 08:46:56.000,,,,,2023-06-30 00:00:00.000,2123-06-30 00:00:00.000,,,,atadesse,,,,,,,,,,,,
629.0,"75Mins + 200 MB+ 10SMS",1.0,,L,0.0,0.0,0.0,N,"758",,,crm,,,,,,,,,,,,,,,,,,,,,,,,,,,,,,,,2023-06-30 08:51:12.000,,,,,2023-06-30 00:00:00.000,2123-06-30 00:00:00.000,,,,atadesse,,,,,,,,,,,,
630.0,"70 Mins + 50 MB ",1.0,,L,0.0,0.0,0.0,N,"833",,,crm,,,,,,,,,,,,,,,,,,,,,,,,,,,,,,,,2023-06-30 09:49:35.000,,,,,2023-06-30 00:00:00.000,2123-06-30 00:00:00.000,,,,atadesse,,,,,,,,,,,,
631.0,"1.25 GB",1.0,,L,0.0,0.0,0.0,N,"890",,,crm,,,,,,,,,,,,,,,,,,,,,,,,,,,,,,,,2023-06-30 09:54:40.000,,,,,2023-06-30 00:00:00.000,2123-06-30 00:00:00.000,,,,atadesse,,,,,,,,,,,,
632.0,"100 GB",1.0,,L,0.0,0.0,0.0,N,"7890",,,crm,,,,,,,,,,,,,,,,,,,,,,,,,,,,,,,,2023-06-30 14:53:00.000,,,,,2023-06-29 14:53:00.000,2123-06-29 14:53:00.000,,,,aadmin,,,,,,,,,,,,
633.0,Samsung Galaxy 4-White,1.0,,L,0.0,0.0,0.0,N,"1356",,,crm,,,,,,,,,,,,,,,,,,,,,,,,,,,,,,,,2023-06-30 14:55:14.000,,,,,2023-06-29 14:55:14.000,2123-06-29 14:55:14.000,,,,aadmin,,,,,,,,,,,,
634.0,bundle,1.0,,L,0.0,0.0,0.0,N,"1123",,,crm,,,,,,,,,,,,,,,,,,,,,,,,,,,,,,,,2023-06-30 15:22:17.000,,,,,2023-06-29 15:22:17.000,2123-06-29 15:22:17.000,,,,aadmin,,,,,,,,,,,,
635.0,"300Mins + 1GB+ 10SMS",1.0,,L,0.0,0.0,0.0,N,"640",,,crm,,,,,,,,,,,,,,,,,,,,,,,,,,,,,,,,2023-06-30 16:25:22.000,,,,,2023-06-30 00:00:00.000,2123-06-30 00:00:00.000,,,,atadesse,,,,,,,,,,,,
636.0,test,1.0,,L,0.0,0.0,0.0,N,"2321",,,crm,,,,,,,,,,,,,,,,,,,,,,,,,,,,,,,,2023-07-05 16:10:38.000,,,,,2023-07-04 16:10:38.000,2123-07-04 16:10:38.000,,,,aadmin,,,,,,,,,,,,
637.0,"1000 Mins + 4 GB",1.0,,L,0.0,0.0,0.0,N,"839",,,crm,,,,,,,,,,,,,,,,,,,,,,,,,,,,,,,,2023-07-05 22:13:22.000,,,,,2023-07-05 00:00:00.000,2123-07-05 00:00:00.000,,,,atadesse,,,,,,,,,,,,
638.0,Ethiopia Electronic Voucher 1000,,0.0,P,0.0,,,Y,ETD99999,,,device,,,,,,,,,,,,,,,,,,,,,,,,,,,,,,,1.0,2023-07-07 14:30:06.000,,,,,2023-07-07 14:30:06.000,2100-01-31 12:00:00.000,,1,0,erp,,,,Non Voucher Product,1,Y,,,,,,
639.0,"45 Mins + 50 MB",1.0,,L,0.0,0.0,0.0,N,"832",,,crm,,,,,,,,,,,,,,,,,,,,,,,,,,,,,,,,2023-07-20 20:34:20.000,,,,,2023-07-20 00:00:00.000,2123-07-20 00:00:00.000,,,,atadesse,,,,,,,,,,,,
640.0,"15 GB",1.0,,L,0.0,0.0,0.0,N,"896",,,crm,,,,,,,,,,,,,,,,,,,,,,,,,,,,,,,,2023-08-04 12:35:22.000,,,,,2023-08-04 00:00:00.000,2123-08-04 00:00:00.000,,,,atadesse,,,,,,,,,,,,
641.0,Test,1.0,200.0,P,10.0,,,Y,ETD000TEST,,,accessories,,,,34.0,,,,,,,,,,,,,,,,,,,,,,,,,,,,2023-10-04 15:21:55.000,,2024-12-10 14:50:49.000,,,2023-10-04 00:00:00.000,2099-12-31 00:00:00.000,,,,aadmin,,,,NON VOUCHER PRODUCT,,Y,"","","",,,
642.0,"3 GB",1.0,,L,0.0,0.0,0.0,N,"893",,,crm,,,,,,,,,,,,,,,,,,,,,,,,,,,,,,,,2023-10-11 20:29:49.000,,,,,2023-10-11 00:00:00.000,2123-10-11 00:00:00.000,,,,atadesse,,,,,,,,,,,,
643.0,Ethiopia FTTH Relocation Fee,1.0,100.0,L,0.0,0.0,0.0,N,ESF00001,,,"",,,,,,,,,,,,,,,,,,,,,,,,,,,,,,,,2023-10-13 00:29:49.000,,,,,2023-10-11 00:00:00.000,2123-10-11 00:00:00.000,,,,atadesse,,,,NON VOUCHER PRODUCT,1,N,,,,,,
644.0,Installation Charges,1.0,100.0,L,0.0,,,N,EIC00001,,,installation charges,,,,,,,,,,,,,,,,,,,,,,,,,,,,,,,,2023-10-13 00:29:49.000,,2025-02-28 19:23:59.000,,,2023-10-11 00:00:00.000,2123-10-11 00:00:00.000,,,,atadesse,,,,"",1,N,"","","",,,
645.0,Daily 1 GB,1.0,,L,0.0,0.0,0.0,N,"1027",,,crm,,,,,,,,,,,,,,,,,,,,,,,,,,,,,,,,2023-10-19 09:58:15.000,,,,,2023-10-19 00:00:00.000,2123-10-19 00:00:00.000,,,,atadesse,,,,,,,,,,,,
646.0,"20 GB",1.0,,L,0.0,0.0,0.0,N,"471",,,crm,,,,,,,,,,,,,,,,,,,,,,,,,,,,,,,,2023-10-22 15:48:58.000,,,,,2023-10-22 00:00:00.000,2123-10-22 00:00:00.000,,,,qshopuser,,,,,,,,,,,,
651.0,Daily Unlimited Internet & Onnet+25 Allnet Min,1.0,,L,0.0,0.0,0.0,N,"1173",,,crm,,,,,,,,,,,,,,,,,,,,,,,,,,,,,,,,2023-12-04 11:17:56.000,,,,,2023-12-04 00:00:00.000,2123-12-04 00:00:00.000,,,,qshopuser,,,,,,,,,,,,
652.0,Test SKU Item G,1.0,11.0,P,0.0,0.0,0.0,N,"11",,,device,,,,21.0,,,,,,1.0,,,,,,,,,,,,,,,,,,,,,,2023-12-18 16:17:27.000,,,,,2023-12-18 00:00:00.000,2099-12-31 00:00:00.000,,,,aadmin,,,,NON VOUCHER PRODUCT,1,Y,"1","1",,,,
653.0,"4G BI  Monthly Unlimited Data",1.0,,L,0.0,0.0,0.0,N,"1201",,,crm,,,,,,,,,,,,,,,,,,,,,,,,,,,,,,,,2023-12-21 18:49:33.000,,,,,2023-12-21 00:00:00.000,2123-12-21 00:00:00.000,,,,atadesse,,,,,,,,,,,,
654.0,Monthly,1.0,,L,0.0,0.0,0.0,N,"1203",,,crm,,,,,,,,,,,,,,,,,,,,,,,,,,,,,,,,2023-12-26 10:02:24.000,,,,,2023-12-26 00:00:00.000,2123-12-26 00:00:00.000,,,,atadesse,,,,,,,,,,,,
655.0,"1TB",1.0,,L,0.0,0.0,0.0,N,"1212",,,crm,,,,,,,,,,,,,,,,,,,,,,,,,,,,,,,,2024-01-05 15:04:32.000,,,,,2024-01-05 00:00:00.000,2124-01-05 00:00:00.000,,,,atadesse,,,,,,,,,,,,
656.0,"35 GB",1.0,,L,0.0,0.0,0.0,N,"497",,,crm,,,,,,,,,,,,,,,,,,,,,,,,,,,,,,,,2024-02-20 15:36:45.000,,,,,2024-02-20 00:00:00.000,2124-02-20 00:00:00.000,,,,pagure1,,,,,,,,,,,,
657.0,"15GB",1.0,,L,0.0,0.0,0.0,N,"454",,,crm,,,,,,,,,,,,,,,,,,,,,,,,,,,,,,,,2024-02-20 17:59:43.000,,,,,2024-02-20 00:00:00.000,2124-02-20 00:00:00.000,,,,pagure1,,,,,,,,,,,,
658.0,"2GB",1.0,,L,0.0,0.0,0.0,N,"491",,,crm,,,,,,,,,,,,,,,,,,,,,,,,,,,,,,,,2024-02-20 18:28:16.000,,,,,2024-02-20 00:00:00.000,2124-02-20 00:00:00.000,,,,pagure1,,,,,,,,,,,,
659.0,Dynamic SIMs allocations (DSA),1.0,0.0,P,0.0,0.0,0.0,Y,ETA00007,,,sim,,,,101.0,,,,,,,,,,,,,,,,,,,,,,,,,,,1.0,2025-01-29 15:59:08.000,,,,,2025-01-29 15:59:08.000,2099-12-31 12:00:01.000,,1,0,erp,,,,Non Voucher Product,1,Y,,,,,,
660.0,"1000 GB for 1 year",1.0,,L,0.0,0.0,0.0,N,"1002",,,crm,,,,,,,,,,,,,,,,,,,,,,,,,,,,,,,,2024-03-25 11:33:35.000,,,,,2024-03-25 00:00:00.000,2124-03-25 00:00:00.000,,,,qshopuser,,,,,,,,,,,,
661.0,"150 MB",1.0,,L,0.0,0.0,0.0,N,"1254",,,crm,,,,,,,,,,,,,,,,,,,,,,,,,,,,,,,,2024-04-16 12:51:02.000,,,,,2024-04-16 00:00:00.000,2124-04-16 00:00:00.000,,,,pagure1,,,,,,,,,,,,
662.0,Daily 400 Mb,1.0,,L,0.0,0.0,0.0,N,"1013",,,crm,,,,,,,,,,,,,,,,,,,,,,,,,,,,,,,,2024-04-25 11:01:38.000,,,,,2024-04-25 00:00:00.000,2124-04-25 00:00:00.000,,,,atadesse,,,,,,,,,,,,
663.0,"2200Mins + 10GB + 100SMS",1.0,,L,0.0,0.0,0.0,N,"643",,,crm,,,,,,,,,,,,,,,,,,,,,,,,,,,,,,,,2024-06-17 06:10:31.000,,,,,2024-06-17 00:00:00.000,2124-06-17 00:00:00.000,,,,pagure1,,,,,,,,,,,,
664.0,Kimem-MiFi OM100,1.0,10.0,P,0.0,0.0,0.0,Y,ETD20157,,,device,,,,217.0,,,,,,,,,,,,,,,,,,,,,,,,,,,,2024-06-20 12:30:10.000,,,,,2024-06-20 00:00:00.000,2099-12-31 00:00:00.000,,,,aadmin,,,,NON VOUCHER PRODUCT,,Y,"","",,,,
665.0,"500 GB for 180 days",1.0,,L,0.0,0.0,0.0,N,"932",,,crm,,,,,,,,,,,,,,,,,,,,,,,,,,,,,,,,2024-06-28 13:50:36.000,,,,,2024-06-28 00:00:00.000,2124-06-28 00:00:00.000,,,,bbekele,,,,,,,,,,,,
666.0,"200 GB for 90 days",1.0,,L,0.0,0.0,0.0,N,"931",,,crm,,,,,,,,,,,,,,,,,,,,,,,,,,,,,,,,2024-07-02 15:38:47.000,,,,,2024-07-02 00:00:00.000,2124-07-02 00:00:00.000,,,,atadesse,,,,,,,,,,,,
667.0,"4,000 Tele Mins+ 150GB + 50 Tele SMS",1.0,,L,0.0,0.0,0.0,N,"1420",,,crm,,,,,,,,,,,,,,,,,,,,,,,,,,,,,,,,2024-08-05 16:46:52.000,,,,,2024-08-05 00:00:00.000,2124-08-05 00:00:00.000,,,,qshopuser,,,,,,,,,,,,
668.0,"1 GB",1.0,,L,0.0,0.0,0.0,N,"1429",,,crm,,,,,,,,,,,,,,,,,,,,,,,,,,,,,,,,2024-08-09 16:41:09.000,,,,,2024-08-09 00:00:00.000,2124-08-09 00:00:00.000,,,,qshopuser,,,,,,,,,,,,
669.0,"Unlimited Safari Mins + 10,000 Tele Mins",1.0,,L,0.0,0.0,0.0,N,"1424",,,crm,,,,,,,,,,,,,,,,,,,,,,,,,,,,,,,,2024-08-13 09:04:32.000,,,,,2024-08-13 00:00:00.000,2124-08-13 00:00:00.000,,,,pagure1,,,,,,,,,,,,
670.0,"1000 GB for 1 year",1.0,,L,0.0,0.0,0.0,N,"1423",,,crm,,,,,,,,,,,,,,,,,,,,,,,,,,,,,,,,2024-08-13 09:08:37.000,,,,,2024-08-13 00:00:00.000,2124-08-13 00:00:00.000,,,,pagure1,,,,,,,,,,,,
671.0,"30GB+200 Allnet Call & SMS +100 Airtime",1.0,,L,0.0,0.0,0.0,N,"1042",,,crm,,,,,,,,,,,,,,,,,,,,,,,,,,,,,,,,2024-08-29 09:22:02.000,,,,,2024-08-29 00:00:00.000,2124-08-29 00:00:00.000,,,,pagure1,,,,,,,,,,,,
672.0,"90GB+500 Allnet Call & SMS +400 Airtime",1.0,,L,0.0,0.0,0.0,N,"1044",,,crm,,,,,,,,,,,,,,,,,,,,,,,,,,,,,,,,2024-08-29 09:54:33.000,,,,,2024-08-29 00:00:00.000,2124-08-29 00:00:00.000,,,,pagure1,,,,,,,,,,,,
673.0,"120GB+700 Allnet Call & SMS +500 Airtime",1.0,,L,0.0,0.0,0.0,N,"1045",,,crm,,,,,,,,,,,,,,,,,,,,,,,,,,,,,,,,2024-08-29 09:56:26.000,,,,,2024-08-29 00:00:00.000,2124-08-29 00:00:00.000,,,,qshopuser,,,,,,,,,,,,
674.0,"60GB+300 Allnet Call & SMS +300 Airtime",1.0,,L,0.0,0.0,0.0,N,"1043",,,crm,,,,,,,,,,,,,,,,,,,,,,,,,,,,,,,,2024-08-29 10:25:56.000,,,,,2024-08-29 00:00:00.000,2124-08-29 00:00:00.000,,,,qshopuser,,,,,,,,,,,,
675.0,"Unlimited Safari Mins + 10,000 Tele Mins",1.0,,L,0.0,0.0,0.0,N,"1031",,,crm,,,,,,,,,,,,,,,,,,,,,,,,,,,,,,,,2024-08-30 11:51:56.000,,,,,2024-08-30 00:00:00.000,2124-08-30 00:00:00.000,,,,fgirma1,,,,,,,,,,,,
676.0,Yearly Unlimited Internet,1.0,,L,0.0,0.0,0.0,N,"1426",,,crm,,,,,,,,,,,,,,,,,,,,,,,,,,,,,,,,2024-09-02 15:17:41.000,,,,,2024-09-02 00:00:00.000,2124-09-02 00:00:00.000,,,,fgirma1,,,,,,,,,,,,
677.0,"Unlimited Safari Mins + 10,000 Tele Mins +1000GB",1.0,,L,0.0,0.0,0.0,N,"1425",,,crm,,,,,,,,,,,,,,,,,,,,,,,,,,,,,,,,2024-09-17 11:33:40.000,,,,,2024-09-17 00:00:00.000,2124-09-17 00:00:00.000,,,,fgirma1,,,,,,,,,,,,
678.0,Kimem Itel Pro - Device Financing,1.0,0.0,P,0.0,0.0,0.0,Y,EDF00001,,,device,,,,157.0,,,,,,,,,,,,,,,,,,,,,,,,,,,1.0,2025-11-13 14:33:10.000,,,,,2025-11-13 14:33:10.000,2099-12-31 12:00:00.000,,1,0,erp,,,,Non Voucher Product,1,Y,,,,,,
679.0,Safaricom Ethiopia Bulk SMS,1.0,10.0,L,0.0,,,N,ETQ00004,,,bulk sms,,,,217.0,,,,,,,,,,,,,,,,,,,,,,,,,,,,2024-10-25 09:08:53.000,,2024-11-06 14:02:41.000,,,2024-10-25 00:00:00.000,2099-12-31 00:00:00.000,,,,aadmin,,,,NON VOUCHER PRODUCT,1,Y,"","","",,,
680.0,"100 Mins ",1.0,,L,0.0,0.0,0.0,N,"1463",,,crm,,,,,,,,,,,,,,,,,,,,,,,,,,,,,,,,2024-10-31 09:54:29.000,,,,,2024-10-31 00:00:00.000,2124-10-31 00:00:00.000,,,,pagure1,,,,,,,,,,,,
681.0,Weekly ,1.0,,L,0.0,0.0,0.0,N,"1202",,,crm,,,,,,,,,,,,,,,,,,,,,,,,,,,,,,,,2024-11-26 12:52:59.000,,,,,2024-11-26 00:00:00.000,2124-11-26 00:00:00.000,,,,qshopuser,,,,,,,,,,,,
682.0,Enable CRBT,1.0,,L,0.0,0.0,0.0,N,"1493",,,crm,,,,,,,,,,,,,,,,,,,,,,,,,,,,,,,,2024-11-29 09:43:12.000,,,,,2024-11-29 00:00:00.000,2124-11-29 00:00:00.000,,,,qshopuser,,,,,,,,,,,,
684.0,TEst,1.0,2000.0,L,0.0,0.0,0.0,Y,ETQ00008,,,payment,,,,19.0,,,,,,,,,,,,,,,,,,,,,,,,,,,,2024-12-06 10:35:57.000,,,,,2024-12-06 00:00:00.000,2099-12-31 00:00:00.000,,,,aadmin,,,,NON VOUCHER PRODUCT,,Y,"","",,,,
685.0,"250GB_Valid 90 Days",1.0,,L,0.0,0.0,0.0,N,"1473",,,crm,,,,,,,,,,,,,,,,,,,,,,,,,,,,,,,,2024-12-09 17:06:29.000,,,,,2024-12-09 00:00:00.000,2124-12-09 00:00:00.000,,,,fgirma1,,,,,,,,,,,,
686.0,Weekly 1 GB,1.0,,L,0.0,0.0,0.0,N,"1545",,,crm,,,,,,,,,,,,,,,,,,,,,,,,,,,,,,,,2024-12-11 12:29:49.000,,,,,2024-12-11 00:00:00.000,2124-12-11 00:00:00.000,,,,fgirma1,,,,,,,,,,,,
687.0,Weekly 3 GB,1.0,,L,0.0,0.0,0.0,N,"1546",,,crm,,,,,,,,,,,,,,,,,,,,,,,,,,,,,,,,2024-12-11 12:36:42.000,,,,,2024-12-11 00:00:00.000,2124-12-11 00:00:00.000,,,,bbekele,,,,,,,,,,,,
688.0,Weekly 5 GB,1.0,,L,0.0,0.0,0.0,N,"1547",,,crm,,,,,,,,,,,,,,,,,,,,,,,,,,,,,,,,2024-12-11 15:21:46.000,,,,,2024-12-11 00:00:00.000,2124-12-11 00:00:00.000,,,,bbekele,,,,,,,,,,,,
689.0,testinventory,1.0,0.0,L,0.0,0.0,0.0,N,ETADIS01,,,payment,,,,14.0,,,,,,,,,,,,,,,,,,,,,,,,,,,1.0,2025-01-14 15:14:54.000,,,,,2025-01-14 15:47:00.000,2099-12-31 12:00:01.000,,1,0,erp,,,,Non Voucher Product,1,Y,,,,,,
690.0,testinventory,,100.0,L,0.0,,,Y,ETADIS08,,,payment,,,,,,,,,,,,,,,,,,,,,,,,,,,,,,,1.0,2025-01-14 15:10:17.000,,,,,2025-01-14 15:10:17.000,2099-12-31 12:00:00.000,,1,0,erp,,,,Non Voucher Product,1,N,,,,,,
691.0,Discount - ETH Electronic voucher 500,,0.0,L,0.0,,,N,DISV0500,,,sim,,,,,,,,,,,,,,,,,,,,,,,,,,,,,,,1.0,2025-01-14 16:55:00.000,,,,,2025-04-10 10:04:56.000,2099-12-31 00:00:01.000,,1,0,erp,,,,Non Voucher Product,1,Y,,,,,,
692.0,Discount - Ethiopia Pinless airtime,,6.0,L,0.0,,,N,DISP1000,,,physical voucher,,,,,,,,,,,,,,,,,,,,,,,,,,,,,,,1.0,2025-01-14 17:04:00.000,,,,,2025-01-14 17:04:00.000,2099-12-31 12:00:00.000,,1,0,erp,,,,Voucher Product,1,Y,,,,,,
693.0,Connector - APPG power connector test,,6.0,P,0.0,,,N,NIF06453,,,physical voucher,,,,,,,,,,,,,,,,,,,,,,,,,,,,,,,1.0,2025-01-14 17:09:00.000,,,,,2025-01-14 17:09:00.000,2099-12-31 12:00:01.000,,1,0,erp,,,,Voucher Product,1,N,,,,,,
694.0,PO_ADDON_CRBT,1.0,,L,0.0,0.0,0.0,N,"1586",,,crm,,,,,,,,,,,,,,,,,,,,,,,,,,,,,,,,2025-01-20 12:28:56.000,,,,,2025-01-20 00:00:00.000,2125-01-20 00:00:00.000,,,,qshopuser,,,,,,,,,,,,
695.0,FTTH - 10 Mbps,1.0,,L,0.0,0.0,0.0,N,"1619",,,crm,,,,,,,,,,,,,,,,,,,,,,,,,,,,,,,,2025-01-28 22:59:33.000,,,,,2025-01-28 00:00:00.000,2125-01-28 00:00:00.000,,,,ibright,,,,,,,,,,,,
696.0,FTTH - 20 Mbps,1.0,,L,0.0,0.0,0.0,N,"1620",,,crm,,,,,,,,,,,,,,,,,,,,,,,,,,,,,,,,2025-01-28 23:12:19.000,,,,,2025-01-28 00:00:00.000,2125-01-28 00:00:00.000,,,,ibright,,,,,,,,,,,,
697.0,CPE ONT - GPON Terminal,,0.0,P,0.0,,,Y,ETD20212,,,device,,,,,,,,,,,,,,,,,,,,,,,,,,,,,,,1.0,2025-01-30 16:45:29.000,,,,,2025-01-30 16:45:29.000,2099-12-31 12:00:00.000,,1,0,erp,,,,Non Voucher Product,1,Y,,,,,,
698.0,A3 Self Adhesive Poster,,15.0,P,0.0,,,N,ETMA0015,,,sim,,,,,,,,,,,,,,,,,,,,,,,,,,,,,,,1.0,2025-01-29 15:31:06.000,,,,,2025-01-29 15:31:06.000,2099-12-31 12:00:00.000,,1,0,erp,,,,Non Voucher Product,1,Y,,,,,,
699.0,Ethiopia Fixed Data Service,1.0,0.0,L,0.0,,,N,EFS00001,,,etopup,,,,102.0,,,,,,1.0,,,,,,,,,,,,,,,,,,,,,1.0,2025-05-28 16:42:26.000,,2025-02-03 12:41:11.000,,,2025-05-28 16:42:26.000,2099-12-31 12:00:00.000,,1,0,erp,,,,Non Voucher Product,1,N,,,"",,,
700.0,"1 GB",1.0,,L,0.0,0.0,0.0,N,"771",,,crm,,,,,,,,,,,,,,,,,,,,,,,,,,,,,,,,2025-02-17 10:32:24.000,,,,,2025-02-17 00:00:00.000,2125-02-17 00:00:00.000,,,,qshopuser,,,,,,,,,,,,
701.0,Daily,1.0,,L,0.0,0.0,0.0,N,"1204",,,crm,,,,,,,,,,,,,,,,,,,,,,,,,,,,,,,,2025-02-18 09:17:10.000,,,,,2025-02-18 00:00:00.000,2125-02-18 00:00:00.000,,,,fgirma1,,,,,,,,,,,,
702.0,"1,000 Tele Mins+ 6GB + 50 Tele SMS",1.0,,L,0.0,0.0,0.0,N,"1415",,,crm,,,,,,,,,,,,,,,,,,,,,,,,,,,,,,,,2025-02-26 10:48:31.000,,,,,2025-02-26 00:00:00.000,2125-02-26 00:00:00.000,,,,aguta,,,,,,,,,,,,
703.0,"3 GB",1.0,,L,0.0,0.0,0.0,N,"1605",,,crm,,,,,,,,,,,,,,,,,,,,,,,,,,,,,,,,2025-03-07 10:47:12.000,,,,,2025-03-07 00:00:00.000,2125-03-07 00:00:00.000,,,,fgirma1,,,,,,,,,,,,
704.0,Monthly,1.0,,L,0.0,0.0,0.0,N,"766",,,crm,,,,,,,,,,,,,,,,,,,,,,,,,,,,,,,,2025-04-24 20:55:44.000,,,,,2025-04-24 00:00:00.000,2125-04-24 00:00:00.000,,,,pagure1,,,,,,,,,,,,
705.0,"10 GB",1.0,,L,0.0,0.0,0.0,N,"1606",,,crm,,,,,,,,,,,,,,,,,,,,,,,,,,,,,,,,2025-05-14 17:11:22.000,,,,,2025-05-14 00:00:00.000,2125-05-14 00:00:00.000,,,,pagure1,,,,,,,,,,,,
706.0,testinventory,,100.0,L,0.0,,,Y,PA000,,,payment,,,,,,,,,,,,,,,,,,,,,,,,,,,,,,,1.0,2025-05-22 19:02:10.000,,,,,2025-05-22 19:02:10.000,2099-12-31 12:00:00.000,,1,0,erp,,,,Non Voucher Product,1,N,,,,,,
707.0,Safaricom Ethiopia Advance payment for Enterprise postpaid services,,0.0,P,0.0,,,N,ETQ00005,,,sim,,,,,,,,,,,,,,,,,,,,,,,,,,,,,,,1.0,2025-05-22 19:08:51.000,,,,,2025-05-22 19:08:51.000,2099-12-31 12:00:01.000,,1,0,erp,,,,Non Voucher Product,1,Y,,,,,,
708.0,Safaricom Ethiopia Advance payment for Enterprise postpaid services,,0.0,P,0.0,,,N,ETQ000099,,,sim,,,,,,,,,,,,,,,,,,,,,,,,,,,,,,,1.0,2025-05-22 19:11:28.000,,,,,2025-05-22 19:11:28.000,2099-12-31 12:00:01.000,,1,0,erp,,,,Non Voucher Product,1,Y,,,,,,
709.0,Safaricom Ethiopia Advance payment for Enterprise postpaid services,,0.0,P,0.0,,,N,ETQ000019,,,sim,,,,,,,,,,,,,,,,,,,,,,,,,,,,,,,1.0,2025-05-22 19:25:13.000,,,,,2025-05-22 19:25:13.000,2099-12-31 12:00:00.000,,1,0,erp,,,,Non Voucher Product,1,Y,,,,,,
710.0,Weekly,1.0,,L,0.0,0.0,0.0,N,"765",,,crm,,,,,,,,,,,,,,,,,,,,,,,,,,,,,,,,2025-05-26 11:15:30.000,,,,,2025-05-26 00:00:00.000,2125-05-26 00:00:00.000,,,,pagure1,,,,,,,,,,,,
711.0,iPhone 20 Pro Max 512 TB Graphite,,0.0,P,0.0,,,Y,ETD22200,,,device,,,,,,,,,,,,,,,,,,,,,,,,,,,,,,,1.0,2025-05-28 16:46:26.000,,,,,2025-05-28 16:46:26.000,2099-12-31 12:00:00.000,,1,0,erp,,,,Non Voucher Product,1,Y,,,,,,
712.0,"40 SMS",1.0,,L,0.0,0.0,0.0,N,"1714",,,crm,,,,,,,,,,,,,,,,,,,,,,,,,,,,,,,,2025-05-30 14:22:17.000,,,,,2025-05-30 00:00:00.000,2125-05-30 00:00:00.000,,,,qretailer1,,,,,,,,,,,,
713.0,Pre pay Fiber 40 Mbps,1.0,,L,0.0,0.0,0.0,N,"1771",,,crm,,,,,,,,,,,,,,,,,,,,,,,,,,,,,,,,2025-06-12 18:10:12.000,,,,,2025-06-12 00:00:00.000,2125-06-12 00:00:00.000,,,,aguta,,,,,,,,,,,,
714.0,"15 GB",1.0,,L,0.0,0.0,0.0,N,"1607",,,crm,,,,,,,,,,,,,,,,,,,,,,,,,,,,,,,,2025-06-13 17:36:56.000,,,,,2025-06-13 00:00:00.000,2125-06-13 00:00:00.000,,,,pagure1,,,,,,,,,,,,
715.0,"500 MB + 500 MB",1.0,,L,0.0,0.0,0.0,N,"1564",,,crm,,,,,,,,,,,,,,,,,,,,,,,,,,,,,,,,2025-07-04 13:21:59.000,,,,,2025-07-04 00:00:00.000,2125-07-04 00:00:00.000,,,,atadesse,,,,,,,,,,,,
716.0,Weekly 30 Mintues,1.0,,L,0.0,0.0,0.0,N,"1790",,,crm,,,,,,,,,,,,,,,,,,,,,,,,,,,,,,,,2025-07-10 09:52:21.000,,,,,2025-07-10 00:00:00.000,2125-07-10 00:00:00.000,,,,fgirma1,,,,,,,,,,,,
717.0,Daily 10 Mintues,1.0,,L,,,,,"1789",,,crm,,,,,,,,,,,,,,,,,,,,,,,,,,,,,,,,,,,,,,,,,,,,,,,1,,,,,,,
718.0,Monthly 50 Mintues,1.0,,L,,,,,"1791",,,crm,,,,,,,,,,,,,,,,,,,,,,,,,,,,,,,,,,,,,,,,,,,,,,,1,,,,,,,
719.0,Daily 10 Mintues,1.0,,L,,,,,"1798",,,crm,,,,,,,,,,,,,,,,,,,,,,,,,,,,,,,,,,,,,,,,,,,,,,,1,,,,,,,
720.0,Insurance Sajipro - Kitted 2 Years,,0.0,P,0.0,,,N,DEV12827,,,sim,,,,,,,,,,,,,,,,,,,,,,,,,,,,,,,1.0,2025-07-24 14:36:26.000,,,,,2025-07-24 14:36:26.000,2099-12-31 12:00:00.000,,1,0,erp,,,,Non Voucher Product,1,Y,,,,,,
721.0,Weekly 30 Mintues,1.0,,L,,,,,"1799",,,crm,,,,,,,,,,,,,,,,,,,,,,,,,,,,,,,,,,,,,,,,,,,,,,,1,,,,,,,
722.0,Monthly 50 Mintues,1.0,,L,,,,,"1800",,,crm,,,,,,,,,,,,,,,,,,,,,,,,,,,,,,,,,,,,,,,,,,,,,,,1,,,,,,,
723.0,Daily 10 Mintues,1.0,,L,,,,,"1795",,,crm,,,,,,,,,,,,,,,,,,,,,,,,,,,,,,,,,,,,,,,,,,,,,,,1,,,,,,,
724.0,Weekly 30 Mintues,1.0,,L,,,,,"1796",,,crm,,,,,,,,,,,,,,,,,,,,,,,,,,,,,,,,,,,,,,,,,,,,,,,1,,,,,,,
725.0,Monthly 50  Mintues,1.0,,L,,,,,"1797",,,crm,,,,,,,,,,,,,,,,,,,,,,,,,,,,,,,,,,,,,,,,,,,,,,,1,,,,,,,
726.0,Daily 10 Mintues,1.0,,L,,,,,"1792",,,crm,,,,,,,,,,,,,,,,,,,,,,,,,,,,,,,,,,,,,,,,,,,,,,,1,,,,,,,
727.0,Weekly 30 Mintues,1.0,,L,,,,,"1793",,,crm,,,,,,,,,,,,,,,,,,,,,,,,,,,,,,,,,,,,,,,,,,,,,,,1,,,,,,,
728.0,Monthly 50  Mintues,1.0,,L,,,,,"1794",,,crm,,,,,,,,,,,,,,,,,,,,,,,,,,,,,,,,,,,,,,,,,,,,,,,1,,,,,,,
729.0,Insurance Mobigo 2 Plus Q 4GB- CASH  1 Year,,0.0,P,0.0,,,N,DEV12831,,,sim,,,,,,,,,,,,,,,,,,,,,,,,,,,,,,,1.0,2025-07-24 15:00:26.000,,,,,2025-07-24 15:00:26.000,2099-12-31 12:00:00.000,,1,0,erp,,,,Non Voucher Product,1,Y,,,,,,
730.0,Insurance Sajipro - Kitted 1 Year,,0.0,P,0.0,,,N,DEV12828,,,sim,,,,,,,,,,,,,,,,,,,,,,,,,,,,,,,1.0,2025-07-24 15:02:26.000,,,,,2025-07-24 15:02:26.000,2099-12-31 12:00:00.000,,1,0,erp,,,,Non Voucher Product,1,Y,,,,,,
731.0,Insurance Mobigo 2 Plus Q 4GB - Kitted,,0.0,P,0.0,,,N,DEV12830,,,sim,,,,,,,,,,,,,,,,,,,,,,,,,,,,,,,1.0,2025-07-24 15:04:26.000,,,,,2025-07-24 15:04:26.000,2099-12-31 12:00:00.000,,1,0,erp,,,,Non Voucher Product,1,Y,,,,,,
732.0,Insurance Mobigo 2 Plus Q 4GB - Kitted 1 Year,,0.0,P,0.0,,,N,DEV12829,,,sim,,,,,,,,,,,,,,,,,,,,,,,,,,,,,,,1.0,2025-07-24 15:06:26.000,,,,,2025-07-24 15:06:26.000,2099-12-31 12:00:00.000,,1,0,erp,,,,Non Voucher Product,1,Y,,,,,,
733.0,"600 SMS",1.0,,L,0.0,0.0,0.0,N,"1719",,,crm,,,,,,,,,,,,,,,,,,,,,,,,,,,,,,,,2025-08-14 13:39:48.000,,,,,2025-08-14 00:00:00.000,2125-08-14 00:00:00.000,,,,aguta,,,,,,,,,,,,
734.0,For_Test,,0.0,P,0.0,,,Y,ZMR0001,,,sim,,,,,,,,,,,,,,,,,,,,,,,,,,,,,,,1.0,2025-08-22 09:50:27.000,,,,,2025-08-22 09:50:27.000,2099-12-31 00:00:01.000,,1,0,erp,,,,Non Voucher Product,1,Y,,,,,,
735.0,"1 GB",1.0,,L,0.0,0.0,0.0,N,"690",,,crm,,,,,,,,,,,,,,,,,,,,,,,,,,,,,,,,2025-08-22 13:58:43.000,,,,,2025-08-22 00:00:00.000,2125-08-22 00:00:00.000,,,,pagure1,,,,,,,,,,,,
736.0,"2 GB",1.0,,L,0.0,0.0,0.0,N,"1702",,,crm,,,,,,,,,,,,,,,,,,,,,,,,,,,,,,,,2025-08-25 12:19:23.000,,,,,2025-08-25 00:00:00.000,2125-08-25 00:00:00.000,,,,pagure1,,,,,,,,,,,,
737.0,Pre pay AirFiber 40 Mbps,1.0,,L,0.0,0.0,0.0,N,"1781",,,crm,,,,,,,,,,,,,,,,,,,,,,,,,,,,,,,,2025-08-25 15:18:52.000,,,,,2025-08-25 00:00:00.000,2125-08-25 00:00:00.000,,,,aguta,,,,,,,,,,,,
738.0,Pre pay Fiber 10 Mbps,1.0,,L,0.0,0.0,0.0,N,"1768",,,crm,,,,,,,,,,,,,,,,,,,,,,,,,,,,,,,,2025-09-01 14:31:32.000,,,,,2025-09-01 00:00:00.000,2125-09-01 00:00:00.000,,,,aguta,,,,,,,,,,,,
739.0,Insurance Neon Ray - Black,,0.0,P,0.0,,,N,DEV12833,,,sim,,,,,,,,,,,,,,,,,,,,,,,,,,,,,,,1.0,2025-09-02 09:24:26.000,,,,,2025-09-02 09:24:26.000,2099-12-31 00:00:00.000,,1,0,erp,,,,Non Voucher Product,1,Y,,,,,,
740.0,Insurance for Neon Smarta 2  Dual Sim Cash -Black,,0.0,P,0.0,,,N,DEV12832,,,sim,,,,,,,,,,,,,,,,,,,,,,,,,,,,,,,1.0,2025-09-02 09:26:26.000,,,,,2025-09-02 09:26:26.000,2099-12-31 00:00:00.000,,1,0,erp,,,,Non Voucher Product,1,Y,,,,,,
741.0,"1000 SMS",1.0,,L,0.0,0.0,0.0,N,"1720",,,crm,,,,,,,,,,,,,,,,,,,,,,,,,,,,,,,,2025-09-16 14:07:56.000,,,,,2025-09-16 00:00:00.000,2125-09-16 00:00:00.000,,,,pagure1,,,,,,,,,,,,
742.0,"800 MB",1.0,,L,0.0,0.0,0.0,N,"1843",,,crm,,,,,,,,,,,,,,,,,,,,,,,,,,,,,,,,2025-09-16 14:47:51.000,,,,,2025-09-16 00:00:00.000,2125-09-16 00:00:00.000,,,,qshopuser,,,,,,,,,,,,
743.0,"5.5 GB",1.0,,L,0.0,0.0,0.0,N,"1704",,,crm,,,,,,,,,,,,,,,,,,,,,,,,,,,,,,,,2025-09-22 14:35:07.000,,,,,2025-09-22 00:00:00.000,2125-09-22 00:00:00.000,,,,pagure1,,,,,,,,,,,,
744.0,"4GB",1.0,,L,0.0,0.0,0.0,N,"1887",,,crm,,,,,,,,,,,,,,,,,,,,,,,,,,,,,,,,2025-10-13 12:53:08.000,,,,,2025-10-13 00:00:00.000,2125-10-13 00:00:00.000,,,,pagure1,,,,,,,,,,,,
745.0,"100MB",1.0,,L,0.0,0.0,0.0,N,"1883",,,crm,,,,,,,,,,,,,,,,,,,,,,,,,,,,,,,,2025-10-13 14:15:59.000,,,,,2025-10-13 00:00:00.000,2125-10-13 00:00:00.000,,,,pagure1,,,,,,,,,,,,
746.0,"3 GB",1.0,,L,0.0,0.0,0.0,N,"1943",,,crm,,,,,,,,,,,,,,,,,,,,,,,,,,,,,,,,2025-10-13 14:31:19.000,,,,,2025-10-13 00:00:00.000,2125-10-13 00:00:00.000,,,,pagure1,,,,,,,,,,,,
747.0,"24 Mins",1.0,,L,0.0,0.0,0.0,N,"1958",,,crm,,,,,,,,,,,,,,,,,,,,,,,,,,,,,,,,2025-10-13 14:32:54.000,,,,,2025-10-13 00:00:00.000,2125-10-13 00:00:00.000,,,,pagure1,,,,,,,,,,,,
748.0,"3GB",1.0,,L,0.0,0.0,0.0,N,"1895",,,crm,,,,,,,,,,,,,,,,,,,,,,,,,,,,,,,,2025-10-13 14:44:06.000,,,,,2025-10-13 00:00:00.000,2125-10-13 00:00:00.000,,,,pagure1,,,,,,,,,,,,
749.0,"2GB",1.0,,L,0.0,0.0,0.0,N,"1886",,,crm,,,,,,,,,,,,,,,,,,,,,,,,,,,,,,,,2025-10-14 14:52:13.000,,,,,2025-10-14 00:00:00.000,2125-10-14 00:00:00.000,,,,bbekele,,,,,,,,,,,,
750.0,"5GB",1.0,,L,0.0,0.0,0.0,N,"1910",,,crm,,,,,,,,,,,,,,,,,,,,,,,,,,,,,,,,2025-10-15 10:38:55.000,,,,,2025-10-15 00:00:00.000,2125-10-15 00:00:00.000,,,,pagure1,,,,,,,,,,,,
751.0,Wullo 100 GB,1.0,,L,0.0,0.0,0.0,N,"1857",,,crm,,,,,,,,,,,,,,,,,,,,,,,,,,,,,,,,2025-10-17 11:48:51.000,,,,,2025-10-17 00:00:00.000,2125-10-17 00:00:00.000,,,,aguta,,,,,,,,,,,,
752.0,"50GB",1.0,,L,0.0,0.0,0.0,N,"1913",,,crm,,,,,,,,,,,,,,,,,,,,,,,,,,,,,,,,2025-10-29 15:11:36.000,,,,,2025-10-29 02:00:00.000,2125-10-29 02:00:00.000,,,,pagure1,,,,,,,,,,,,
753.0,"100GB",1.0,,L,0.0,0.0,0.0,N,"1915",,,crm,,,,,,,,,,,,,,,,,,,,,,,,,,,,,,,,2025-10-29 16:17:35.000,,,,,2025-10-29 02:00:00.000,2125-10-29 02:00:00.000,,,,pagure1,,,,,,,,,,,,
754.0,testinventory,,100.0,L,0.0,,,Y,PAY00000,,,payment,,,,,,,,,,,,,,,,,,,,,,,,,,,,,,,1.0,2025-11-03 16:14:57.000,,,,,2025-11-03 16:14:57.000,2099-12-31 12:00:00.000,,1,0,erp,,,,Non Voucher Product,1,N,,,,,,
755.0,Safaricom ET Broadband Updated 1 today13 test test,,0.0,P,0.0,,,Y,ETD50839,,,device,,,,,,,,,,,,,,,,,,,,,,,,,,,,,,,1.0,2025-11-03 16:36:25.000,,,,,2025-11-03 16:36:25.000,2099-12-31 12:00:01.000,,1,0,erp,,,,Non Voucher Product,1,Y,,,,,,
756.0,Safaricom ET Broadband Updated 1 today13 test test11,,0.0,P,0.0,,,Y,ETD50840,,,device,,,,,,,,,,,,,,,,,,,,,,,,,,,,,,,1.0,2025-11-03 16:39:50.000,,,,,2025-11-03 16:39:50.000,2099-12-31 12:00:01.000,,1,0,erp,,,,Non Voucher Product,1,Y,,,,,,
757.0,Safaricom ET Broadband Updated 1 today123,,0.0,P,0.0,,,Y,ETD50823,,,device,,,,,,,,,,,,,,,,,,,,,,,,,,,,,,,1.0,2025-11-03 17:48:50.000,,,,,2025-11-03 17:48:50.000,2099-12-31 12:00:01.000,,1,0,erp,,,,Non Voucher Product,1,Y,,,,,,
758.0,Pre pay AirFiber 20 Mbps,1.0,,L,0.0,0.0,0.0,N,"2021",,,crm,,,,,,,,,,,,,,,,,,,,,,,,,,,,,,,,2025-11-07 15:17:39.000,,,,,2025-11-07 02:00:00.000,2125-11-07 02:00:00.000,,,,aguta,,,,,,,,,,,,
759.0,"100 GB_Valid 1 Months",1.0,,L,0.0,0.0,0.0,N,"2029",,,crm,,,,,,,,,,,,,,,,,,,,,,,,,,,,,,,,2025-11-07 15:40:40.000,,,,,2025-11-07 02:00:00.000,2125-11-07 02:00:00.000,,,,fgirma1,,,,,,,,,,,,
760.0,"1,200 Tele Mins+ 20 GB + 50 Tele SMS",1.0,,L,0.0,0.0,0.0,N,"2033",,,crm,,,,,,,,,,,,,,,,,,,,,,,,,,,,,,,,2025-11-10 13:08:58.000,,,,,2025-11-10 02:00:00.000,2125-11-10 02:00:00.000,,,,fgirma1,,,,,,,,,,,,
761.0,"250 GB_Valid 3 Months",1.0,,L,0.0,0.0,0.0,N,"2030",,,crm,,,,,,,,,,,,,,,,,,,,,,,,,,,,,,,,2025-11-10 13:42:25.000,,,,,2025-11-10 02:00:00.000,2125-11-10 02:00:00.000,,,,fgirma1,,,,,,,,,,,,
762.0,"1000 GB for 1 year",1.0,,L,0.0,0.0,0.0,N,"2023",,,crm,,,,,,,,,,,,,,,,,,,,,,,,,,,,,,,,2025-11-10 14:00:33.000,,,,,2025-11-10 02:00:00.000,2125-11-10 02:00:00.000,,,,fgirma1,,,,,,,,,,,,
763.0,"500 GB_Valid 6 Months",1.0,,L,0.0,0.0,0.0,N,"2031",,,crm,,,,,,,,,,,,,,,,,,,,,,,,,,,,,,,,2025-11-11 14:41:09.000,,,,,2025-11-11 02:00:00.000,2125-11-11 02:00:00.000,,,,fgirma1,,,,,,,,,,,,
764.0,"1000GB_Valid 12 Months",1.0,,L,0.0,0.0,0.0,N,"2032",,,crm,,,,,,,,,,,,,,,,,,,,,,,,,,,,,,,,2025-11-11 14:43:25.000,,,,,2025-11-11 02:00:00.000,2125-11-11 02:00:00.000,,,,fgirma1,,,,,,,,,,,,
765.0,Yearly Unlimited Internet,1.0,,L,0.0,0.0,0.0,N,"2046",,,crm,,,,,,,,,,,,,,,,,,,,,,,,,,,,,,,,2025-11-11 16:35:33.000,,,,,2025-11-11 02:00:00.000,2125-11-11 02:00:00.000,,,,qshopuser,,,,,,,,,,,,
766.0,Monthly_Unlimited,1.0,,L,0.0,0.0,0.0,N,"1933",,,crm,,,,,,,,,,,,,,,,,,,,,,,,,,,,,,,,2025-11-11 16:35:38.000,,,,,2025-11-11 02:00:00.000,2125-11-11 02:00:00.000,,,,qshopuser,,,,,,,,,,,,
767.0,Unlimited  Booster,1.0,,L,0.0,0.0,0.0,N,"1830",,,crm,,,,,,,,,,,,,,,,,,,,,,,,,,,,,,,,2025-11-11 16:35:45.000,,,,,2025-11-11 02:00:00.000,2125-11-11 02:00:00.000,,,,qshopuser,,,,,,,,,,,,
768.0,Neon Smarta 2  Dual Sim -Tunukiwa Plus,,0.0,P,0.0,,,Y,DEV13618,,,device,,,,,,,,,,,,,,,,,,,,,,,,,,,,,,,1.0,2025-11-23 21:34:17.000,,,,,2025-11-23 21:34:17.000,2099-12-31 12:00:01.000,,1,0,erp,,,,Non Voucher Product,1,Y,,,,,,
769.0,Test Device Item Purchasable,,0.0,P,0.0,,,N,ETD50861,,,device,,,,,,,,,,,,,,,,,,,,,,,,,,,,,,,1.0,2025-11-24 16:34:17.000,,,,,2025-11-24 16:34:17.000,2099-12-31 12:00:01.000,,1,0,erp,,,,Non Voucher Product,1,N,,,,,,
770.0,"500 GB for 180 days",1.0,,L,0.0,0.0,0.0,N,"2025",,,crm,,,,,,,,,,,,,,,,,,,,,,,,,,,,,,,,2025-12-02 16:09:24.000,,,,,2025-12-02 00:00:00.000,2125-12-02 00:00:00.000,,,,pagure1,,,,,,,,,,,,
771.0,"4,000 Tele Mins+ 120GB + 50 Tele SMS",1.0,,L,0.0,0.0,0.0,N,"2039",,,crm,,,,,,,,,,,,,,,,,,,,,,,,,,,,,,,,2025-12-16 15:00:39.000,,,,,2025-12-16 00:00:00.000,2125-12-16 00:00:00.000,,,,fgirma1,,,,,,,,,,,,
772.0,Monthly Unlimited Internet,1.0,,L,0.0,0.0,0.0,N,"2062",,,crm,,,,,,,,,,,,,,,,,,,,,,,,,,,,,,,,2025-12-30 15:22:48.000,,,,,2025-12-30 00:00:00.000,2125-12-30 00:00:00.000,,,,fgirma1,,,,,,,,,,,,
773.0,ITEM FOR ONEPLATFORM,,0.0,P,0.0,,,Y,TESTITM0,,,sim,,,,,,,,,,,,,,,,,,,,,,,,,,,,,,,1.0,2026-01-09 17:29:37.000,,,,,2026-01-09 17:29:37.000,2099-12-31 12:00:00.000,,1,0,erp,,,,Non Voucher Product,1,Y,,,,,,
774.0,"2GB",1.0,,L,0.0,0.0,0.0,N,"2113",,,crm,,,,,,,,,,,,,,,,,,,,,,,,,,,,,,,,2026-01-15 14:41:40.000,,,,,2026-01-15 00:00:00.000,2126-01-15 00:00:00.000,,,,pagure1,,,,,,,,,,,,
775.0,"4,000 Tele Mins+ 120GB + 50 Tele SMS",1.0,,L,0.0,0.0,0.0,N,"2168",,,crm,,,,,,,,,,,,,,,,,,,,,,,,,,,,,,,,2026-01-16 11:57:33.000,,,,,2026-01-16 00:00:00.000,2126-01-16 00:00:00.000,,,,fgirma1,,,,,,,,,,,,
776.0,"1,000 Tele Mins+ 6 GB + 50 Tele SMS",1.0,,L,0.0,0.0,0.0,N,"2162",,,crm,,,,,,,,,,,,,,,,,,,,,,,,,,,,,,,,2026-01-16 11:57:59.000,,,,,2026-01-16 00:00:00.000,2126-01-16 00:00:00.000,,,,fgirma1,,,,,,,,,,,,
777.0,"40 SMS",1.0,,L,0.0,0.0,0.0,N,"2297",,,crm,,,,,,,,,,,,,,,,,,,,,,,,,,,,,,,,2026-02-10 14:28:32.000,,,,,2026-02-10 00:00:00.000,2126-02-10 00:00:00.000,,,,pagure1,,,,,,,,,,,,
778.0,"100MB",1.0,,L,0.0,0.0,0.0,N,"2203",,,crm,,,,,,,,,,,,,,,,,,,,,,,,,,,,,,,,2026-02-12 20:01:06.000,,,,,2026-02-12 00:00:00.000,2126-02-12 00:00:00.000,,,,qshopuser,,,,,,,,,,,,
779.0,"600 SMS",1.0,,L,0.0,0.0,0.0,N,"2303",,,crm,,,,,,,,,,,,,,,,,,,,,,,,,,,,,,,,2026-02-16 13:38:10.000,,,,,2026-02-16 00:00:00.000,2126-02-16 00:00:00.000,,,,atadesse,,,,,,,,,,,,
780.0,"1.1GB",1.0,,L,0.0,0.0,0.0,N,"2243",,,crm,,,,,,,,,,,,,,,,,,,,,,,,,,,,,,,,2026-02-16 14:36:09.000,,,,,2026-02-16 00:00:00.000,2126-02-16 00:00:00.000,,,,fgirma1,,,,,,,,,,,,
781.0,"5.5GB",1.0,,L,0.0,0.0,0.0,N,"2245",,,crm,,,,,,,,,,,,,,,,,,,,,,,,,,,,,,,,2026-02-18 11:14:55.000,,,,,2026-02-18 00:00:00.000,2126-02-18 00:00:00.000,,,,fgirma1,,,,,,,,,,,,
782.0,"1GB",1.0,,L,0.0,0.0,0.0,N,"2276",,,crm,,,,,,,,,,,,,,,,,,,,,,,,,,,,,,,,2026-02-18 11:18:08.000,,,,,2026-02-18 00:00:00.000,2126-02-18 00:00:00.000,,,,fgirma1,,,,,,,,,,,,
